ID_Sucursal,Sucursal,Ctx_Fecha_Hoy,Ctx_Dia_Del_Mes,Ctx_Dias_Totales_Mes,Ctx_Dias_Restantes,Ctx_Pct_Mes_Transcurrido,Ctx_Ultima_Franja_Hora,Acum_Tickets,Acum_Unidades,Acum_Neto,Acum_Cobertura,Acum_Cliente,Hoy_Tickets,Hoy_Unidades,Hoy_Neto,Hoy_Cobertura,Hoy_Cliente,Hora_Pico_Hoy,Hora_Pico_Hoy_Neto,Ultima_Franja_Con_Datos,Hora_Neto_Total,Hora_Tickets_Total,Hora_Unidades_Total,Ultima_Hora_Ticket,Alerta_Inactividad,SemAnt_Neto_HastaAhora,SemAnt_Tickets_HastaAhora,SemAnt_Unidades_HastaAhora,SemAnt_Neto_DiaCompleto,SemAnt_Tickets_DiaCompleto,Var_Pct_vs_SemAnt_HastaAhora,Obj_Meta1_UN_Mes,Obj_Meta1_Pesos_Mes,Obj_Meta2_UN_Mes,Obj_Meta2_Pesos_Mes,Obj_Meta3_UN_Mes,Obj_Meta3_Pesos_Mes,MetaAcum_Meta1_Pesos,MetaAcum_Meta2_Pesos,MetaAcum_Meta3_Pesos,MetaAcum_Meta1_UN,Avance_Pct_vs_MetaAcum_M1,Avance_Pct_vs_MetaAcum_M2,Avance_Pct_vs_MetaAcum_M3,Avance_Pct_vs_MetaAcum_UN_M1,Delta_vs_MetaAcum_M1,Delta_vs_MetaAcum_M2,Delta_vs_MetaAcum_M3,Falta_Meta1_FinMes,Falta_Meta2_FinMes,Falta_Meta3_FinMes,Ritmo_Real_Diario,Ritmo_Necesario_Meta1,Ritmo_Necesario_Meta2,Ritmo_Necesario_Meta3,Proyeccion_Neto_FinMes,Proyeccion_UN_FinMes,Estado_Acumulado,Meta_Proyectada_FinMes,Semaforo
2,PARQUE PATRICIOS,2026-04-17,17,30,13,56.7,16,12201,15503,246663970.81,88004889.24,160187878.51,526,702,11763459.06,4873232.76,6586846.0,15,3913487.65,15,11763459.059999999,526,702,15:59:05,ACTIVA,14796126.06,686,794,18611239.44,931,-20.5,14644.611166237417,237823832.3629571,14888.18210728324,241779347.05667022,15131.753048329048,245734861.75038347,134867356.71345332,137110486.8736307,139353617.03380808,8304.802670375258,182.9,179.9,177.0,186.7,111796614.0,109553484.0,107310354.0,-8840138.0,-4884624.0,-929109.0,14509645.0,0.0,0.0,0.0,435289356.0,27358.0,ARRIBA META 3,META 3,VERDE SOBRE META 3
4,RETIRO II,2026-04-17,17,30,13,56.7,16,12605,15949,261560469.27,92476294.95,170913097.39,581,849,15971989.09,8410326.64,6426388.25,14,3527292.54,15,15971989.09,581,849,15:59:47,ACTIVA,15670998.93,674,841,19658203.37,929,1.9,14577.475567503958,274957581.0555789,14819.929901165953,279530708.74092096,15062.38423482796,284103836.4262629,156142852.51076669,158739839.28575915,161336826.0607516,8278.253717456066,167.5,164.8,162.1,192.7,105417617.0,102820630.0,100223643.0,13397112.0,17970239.0,22543367.0,15385910.0,1030547.0,1382326.0,1734105.0,461577299.0,28145.0,ARRIBA META 3,META 3,VERDE SOBRE META 3
5,RECOLETA IV,2026-04-17,17,30,13,56.7,16,20028,26828,562659248.89,217634485.15,330208167.6,738,956,18140512.33,7298152.38,24487692.93,14,4625474.02,15,18140512.33,738,956,15:53:44,ACTIVA,31470833.83,865,1157,43631194.160000004,1332,-42.4,23511.66476945616,558469699.0755439,23902.713616601577,567758234.5378581,24293.76246374701,577046770.000173,315205053.9014354,320447582.41446084,325690110.9274862,13270.183813439853,178.5,175.6,172.8,202.2,247454195.0,242211666.0,236969138.0,-4189550.0,5098986.0,14387521.0,33097603.0,0.0,392230.0,1106732.0,992928088.0,47344.0,ARRIBA META 3,META 3,VERDE SOBRE META 3
6,RECOLETA II,2026-04-17,17,30,13,56.7,16,10591,12807,273508645.36,99406395.82,185428713.69,465,532,10765709.59,3659340.99,6600364.01,12,2215514.14,15,10765709.59,465,532,15:56:37,ACTIVA,14821751.07,653,712,20954883.580000002,852,-27.4,12483.356282402043,281293614.50983626,12690.980971279065,285972123.8685756,12898.60566015608,290650633.2273148,161206239.85268608,163887441.4972815,166568643.1418769,7154.072553456669,169.7,166.9,164.2,179.0,112302406.0,109621204.0,106940002.0,7784969.0,12463479.0,17141988.0,16088744.0,598844.0,958729.0,1318614.0,482662317.0,22601.0,ARRIBA META 3,META 3,VERDE SOBRE META 3
7,BELGRANO,2026-04-17,17,30,13,56.7,16,15856,19736,435813987.7,175835186.89,221643173.15,609,744,18849314.04,8876167.3,8189994.3,12,3717754.91,16,18857914.22,610,745,16:00:01,ACTIVA,22590964.06,841,973,34809419.84,1252,-16.6,18250.840237757482,432495003.02853143,18554.39041612179,439688312.1365355,18857.940594486117,446881621.2445398,244707306.48948175,248777307.9559491,252847309.42241642,10326.39435017208,178.1,175.2,172.4,191.1,191106681.0,187036680.0,182966678.0,-3318985.0,3874324.0,11067634.0,25636117.0,0.0,298025.0,851356.0,769083509.0,34828.0,ARRIBA META 3,META 3,VERDE SOBRE META 3
8,MICROCENTRO II,2026-04-17,17,30,13,56.7,16,17308,23382,492573882.79,238259633.67,230933449.14,940,1143,26100631.79,12426408.2,11132629.77,12,5149850.12,15,26104237.33,941,1144,15:59:49,ACTIVA,27268274.29,1019,1225,37702381.0,1339,-4.3,22474.92015596207,495469208.5768082,22848.725741523664,503709912.2747329,23222.531327085242,511950615.9726574,283914145.07337314,288636239.412837,293358333.7523009,12878.595947467664,173.5,170.7,167.9,181.6,208659738.0,203937643.0,199215549.0,2895326.0,11136029.0,19376733.0,28974934.0,222717.0,856618.0,1490518.0,869248025.0,41262.0,ARRIBA META 3,META 3,VERDE SOBRE META 3
9,CABALLITO III,2026-04-17,17,30,13,56.7,16,18022,21846,463439419.66,190889159.61,244396705.54,760,984,22334268.66,11980830.02,8515889.87,13,4271829.5,15,22334268.66,760,984,15:55:30,ACTIVA,24805540.439999998,791,1036,38784285.12,1369,-10.0,20322.82568605696,490608361.57392144,20660.83737656024,498768219.0776156,20998.849067063504,506928076.58130974,276656680.7250417,281258068.04122835,285859455.357415,11460.150167886999,167.5,164.8,162.1,190.6,186782739.0,182181352.0,177579964.0,27168942.0,35328799.0,43488657.0,27261142.0,2089919.0,2717600.0,3345281.0,817834266.0,38552.0,ARRIBA META 3,META 3,VERDE SOBRE META 3
10,RECOLETA,2026-04-17,17,30,13,56.7,16,10993,13818,250463269.72,82995769.47,154506657.49,515,670,14672126.71,5485281.94,8995557.3,12,3389644.51,15,14672126.71,515,670,15:59:10,ACTIVA,16337167.99,751,955,21558293.5,1002,-10.2,12972.120078869513,231677551.25807112,13187.873946220669,235530840.26237154,13403.627813571818,239384129.26667204,131470092.97898042,133656719.4385547,135843345.89812893,7361.290827024227,190.5,187.4,184.4,187.7,118993177.0,116806550.0,114619924.0,-18785718.0,-14932429.0,-11079140.0,14733134.0,0.0,0.0,0.0,441994012.0,24385.0,ARRIBA META 3,META 3,VERDE SOBRE META 3
11,POMPEYA,2026-04-17,17,30,13,56.7,16,10804,13885,235017173.44,104277649.11,134311531.17,637,858,12174820.35,5175664.82,7627950.17,12,2150634.97,15,12174820.35,637,858,15:59:37,ACTIVA,12275501.4,590,736,19351322.62,922,-0.8,14392.730584801235,258174059.21727446,14632.112217605596,262468041.34102988,14871.493850409952,266762023.46478495,145121285.99981853,147534960.74990317,149948635.4999878,8090.245696441062,161.9,159.3,156.7,171.6,89895887.0,87482213.0,85068538.0,23156886.0,27450868.0,31744850.0,13824540.0,1781299.0,2111605.0,2441912.0,414736193.0,24503.0,ARRIBA META 3,META 3,VERDE SOBRE META 3
12,DEVOTO,2026-04-17,17,30,13,56.7,16,32634,40226,808970722.89,341896300.58,436826023.58,1166,1597,30998216.47,14584820.19,17304895.95,12,7605537.24,15,30998216.47,1166,1597,15:57:28,ACTIVA,32545425.77,1240,1537,52951082.28,2066,-4.8,37431.65366095503,842417730.750086,38054.22144398499,856428924.1579072,38676.78922701494,870440117.5657266,468438869.7158079,476230001.55426645,484021133.39272493,20814.42601750412,172.7,169.9,167.1,193.3,340531853.0,332740721.0,324949589.0,33447008.0,47458201.0,61469395.0,47586513.0,2572847.0,3650631.0,4728415.0,1427595392.0,70987.0,ARRIBA META 3,META 3,VERDE SOBRE META 3
13,RECOLETA III,2026-04-17,17,30,13,56.7,16,25410,34055,629671004.84,240928898.67,345397344.07,864,1082,26796842.62,10663092.23,12819590.56,14,5339314.12,16,26802329.05,865,1084,16:00:16,ACTIVA,25859399.63,1141,1730,42260014.839999996,1909,3.6,35464.44999303141,693682819.1360046,36054.29900714451,705220235.5362312,36644.1480212576,716757651.9364556,389761395.5011877,396243954.08932024,402726512.6774528,19926.504071677027,161.6,158.9,156.4,170.9,239909609.0,233427051.0,226944492.0,64011814.0,75549231.0,87086647.0,37039471.0,4923986.0,5811479.0,6698973.0,1111184128.0,60097.0,ARRIBA META 3,META 3,VERDE SOBRE META 3
14,LAS CANITAS,2026-04-17,17,30,13,56.7,16,24588,32394,599316385.33,194308490.52,371623498.68,916,1116,20491968.54,7266581.9,11170846.0,12,4578002.19,15,20491968.54,916,1116,15:55:54,ACTIVA,31999574.56,1234,1656,45029100.75,1795,-36.0,33132.16711136581,642481084.9008769,33683.225315000986,653166907.8754219,34234.28351863616,663852730.8499659,360333367.7833363,366326475.8614489,372319583.9395614,18582.065118758524,166.3,163.6,161.0,174.3,238983018.0,232989909.0,226996801.0,43164700.0,53850523.0,64536346.0,35253905.0,3320362.0,4142348.0,4964334.0,1057617150.0,57166.0,ARRIBA META 3,META 3,VERDE SOBRE META 3
15,PALERMO,2026-04-17,17,30,13,56.7,16,13720,17996,306149679.28,101583592.43,206461407.38,384,524,7771996.26,2838768.46,4294423.3,15,1922382.9,15,7928114.27,386,526,15:58:53,ACTIVA,13785828.69,573,771,22312939.61,919,-43.6,16126.123479682123,316619297.93984103,16394.335112396748,321885348.33046323,16662.546745111344,327151398.72108537,177277583.4164213,180226085.58755538,183174587.7586895,9029.14073448562,172.7,169.9,167.1,199.3,128872096.0,125923594.0,122975092.0,10469619.0,15735669.0,21001719.0,18008805.0,805355.0,1210436.0,1615517.0,540264144.0,31758.0,ARRIBA META 3,META 3,VERDE SOBRE META 3
16,TRIBUNALES,2026-04-17,17,30,13,56.7,16,16300,20770,443207179.61,230111322.62,202743638.52,1008,1266,30414289.07,15071274.38,12953186.22,10,5716081.94,15,30414289.07,1008,1266,15:59:37,ACTIVA,36598617.04,1285,1576,42339862.62,1531,-16.9,21147.428417748528,471470255.3457231,21499.155000444374,479311805.55597556,21850.881583140203,487153355.76622707,270389764.01063627,274886919.2113877,279384074.41213906,12128.120733966292,163.9,161.2,158.6,171.3,172817416.0,168320260.0,163823105.0,28263076.0,36104626.0,43946176.0,26071011.0,2174083.0,2777279.0,3380475.0,782130323.0,36653.0,ARRIBA META 3,META 3,VERDE SOBRE META 3
17,RETIRO,2026-04-17,17,30,13,56.7,16,11884,15351,258936197.32,85656397.95,157150397.68,581,738,12213260.65,4167211.0,7336153.07,15,2537197.12,15,12213260.65,581,738,15:59:57,ACTIVA,18047938.64,796,1015,20776428.44,948,-32.3,13930.330504631038,239274142.3963467,14162.021443473775,243253778.82163984,14393.712382316506,247233415.24693242,135904949.18851963,138165336.71201688,140425724.2355141,7912.266826873275,190.5,187.4,184.4,194.0,123031248.0,120770861.0,118510473.0,-19662055.0,-15682418.0,-11702782.0,15231541.0,0.0,0.0,0.0,456946230.0,27090.0,ARRIBA META 3,META 3,VERDE SOBRE META 3
18,NUNEZ,2026-04-17,17,30,13,56.7,16,27459,34118,669646852.39,257016158.45,368918158.97,1141,1377,27098899.38,10499381.03,14618100.51,14,5776032.62,15,27098899.38,1141,1377,15:59:23,ACTIVA,29942375.84,1317,1592,47453601.92,1966,-9.5,33533.20684431151,701462690.1037474,34090.93518920493,713129502.257217,34648.66353409832,724796314.4106866,393059855.5873474,399597274.5618752,406134693.536403,18790.10477044234,170.4,167.6,164.9,181.6,276586997.0,270049578.0,263512159.0,31815838.0,43482650.0,55149462.0,39390991.0,2447372.0,3344819.0,4242266.0,1181729735.0,60208.0,ARRIBA META 3,META 3,VERDE SOBRE META 3
19,RECOLETA V,2026-04-17,17,30,13,56.7,16,16119,20047,449449775.98,187873104.47,225179597.02,772,1047,24039805.33,8854853.2,12975853.72,13,6354613.1,15,24039805.33,772,1047,15:57:47,ACTIVA,27433055.71,953,1101,40075743.09,1420,-12.4,20788.80683771846,487278244.30644435,21134.56878299678,495382714.89768153,21480.330728275087,503487185.48891807,276225636.6506602,280819854.78975934,285414072.9288584,11784.645571709632,162.7,160.0,157.5,170.1,173224139.0,168629921.0,164035703.0,37828468.0,45932939.0,54037410.0,26438222.0,2909882.0,3533303.0,4156724.0,793146662.0,35377.0,ARRIBA META 3,META 3,VERDE SOBRE META 3
20,CABALLITO,2026-04-17,17,30,13,56.7,16,48573,59034,1309878719.86,526161126.0,683895731.27,1826,2209,48547421.11,20428528.98,24586183.47,12,10130259.94,15,49166544.51,1831,2216,15:59:50,ACTIVA,73776268.91,2091,2244,118543163.76,3479,-34.2,57439.61405143241,1314811535.0472808,58394.956647354054,1336679639.2430184,59350.29924327565,1358547743.4387581,735116023.5895447,747342562.0487127,759569100.5078807,32114.702033313664,178.2,175.3,172.5,183.8,574762696.0,562536158.0,550309619.0,4932815.0,26800919.0,48669024.0,77051689.0,379447.0,2061609.0,3743771.0,2311550677.0,104178.0,ARRIBA META 3,META 3,VERDE SOBRE META 3
21,CABALLITO II,2026-04-17,17,30,13,56.7,16,16280,19975,398489409.98,154511784.56,215405832.87,675,755,15158799.22,6303940.67,7308879.78,12,4598967.07,16,15158799.22,675,755,16:00:33,ACTIVA,24506215.83,946,1191,37675113.95,1374,-38.1,19316.53964816365,413734741.41857123,19637.81466778991,420616027.59044325,19959.08968741618,427497313.7623148,233568794.457538,237453538.84707278,241338283.23660755,10904.9118361282,170.6,167.8,165.1,183.2,164920616.0,161035871.0,157151127.0,15245331.0,22126618.0,29007904.0,23440554.0,1172718.0,1702048.0,2231377.0,703216612.0,35250.0,ARRIBA META 3,META 3,VERDE SOBRE META 3
22,FLORES,2026-04-17,17,30,13,56.7,16,28873,35354,770882161.84,323578328.55,408785819.47,1285,1510,34386856.06,15390410.83,16953559.63,12,13032457.91,15,34386856.06,1285,1510,16:00:18,ACTIVA,40541891.23,1634,2002,60586476.910000004,2456,-15.2,33932.238707908065,784069534.4589175,34496.60379893426,797110273.6213064,35060.96888996041,810151012.7836953,440948378.64028883,448282285.31209266,455616191.98389655,19082.957549438226,174.8,172.0,169.2,185.3,329933783.0,322599877.0,315265970.0,13187373.0,26228112.0,39268851.0,45346010.0,1014413.0,2017547.0,3020681.0,1360380292.0,62389.0,ARRIBA META 3,META 3,VERDE SOBRE META 3
23,SAN ISIDRO,2026-04-17,17,30,13,56.7,16,81201,103976,2013303829.82,721328728.97,1169256182.72,2844,3575,70976274.46,26452846.58,40395674.89,15,11812441.14,15,71252723.8,2851,3582,16:00:15,ACTIVA,83316112.47,3025,3780,135188968.02,5054,-14.8,92997.065776441,1956513565.9358442,94543.80420251061,1989054535.7857337,96090.54262858015,2021595505.6356254,1089081460.9822617,1107195195.3324482,1125308929.6826348,51766.25504992331,184.9,181.8,178.9,200.9,924222369.0,906108634.0,887994900.0,-56790264.0,-24249294.0,8291676.0,118429637.0,0.0,0.0,637821.0,3552889111.0,183487.0,ARRIBA META 3,META 3,VERDE SOBRE META 3
24,BECCAR,2026-04-17,17,30,13,56.7,16,32070,39794,866011093.13,319616994.38,538243660.86,1216,1517,34602569.05,13102238.54,23617464.8,15,10028023.39,15,34602569.05,1216,1517,15:58:20,ACTIVA,43373706.06,1495,1736,64687163.85,2309,-20.2,36896.79661625252,852527494.3722479,37510.4685923386,866706834.5892421,38124.14056842462,880886174.8062361,478101543.6498446,486053386.24780476,494005228.8457649,20691.90206112249,181.1,178.2,175.3,192.3,387909549.0,379957707.0,372005864.0,-13483599.0,695741.0,14875082.0,50941829.0,0.0,53519.0,1144237.0,1528254870.0,70225.0,ARRIBA META 3,META 3,VERDE SOBRE META 3
25,SAN ISIDRO II,2026-04-17,17,30,13,56.7,16,19010,23284,409094996.85,168086275.6,257278508.49,847,1081,21228036.89,10605762.07,10436789.95,10,4555681.75,15,21248935.49,848,1082,15:59:43,ACTIVA,23861057.93,957,1142,35189554.75,1457,-11.0,22876.648005668794,435686071.68857676,23257.135177329663,442932455.0358104,23637.622348990502,450178838.3830446,246620321.5836598,250722140.5481429,254823959.512626,12949.3381921719,165.9,163.2,160.5,179.8,162474675.0,158372856.0,154271037.0,26591075.0,33837458.0,41083842.0,24064412.0,2045467.0,2602881.0,3160296.0,721932353.0,41089.0,ARRIBA META 3,META 3,VERDE SOBRE META 3
26,BELGRANO VI,2026-04-17,17,30,13,56.7,16,16397,21454,325978627.01,106273084.1,203909170.27,822,1048,16543604.88,5312086.64,11700584.54,10,3389968.82,15,16543604.88,822,1048,15:59:23,ACTIVA,16689807.81,857,1030,25180156.740000002,1358,-0.9,17054.615953936132,309596945.8368783,17338.27038558484,314746199.61947453,17621.924817233514,319895453.4020707,175899962.3288101,178825551.73968688,181751141.15056363,9689.715432174491,185.3,182.3,179.4,221.4,150078665.0,147153075.0,144227486.0,-16381681.0,-11232427.0,-6083174.0,19175213.0,0.0,0.0,0.0,575256396.0,37860.0,ARRIBA META 3,META 3,VERDE SOBRE META 3
27,MICROCENTRO,2026-04-17,17,30,13,56.7,16,22223,28255,464945271.45,149947918.02,319284740.55,1130,1514,20923403.0,6779762.17,13847571.53,14,4667598.4,15,20930240.96,1131,1516,15:59:45,ACTIVA,38402444.32,1613,2032,47751819.06,2103,-45.5,25356.574795846995,425563829.47380394,25778.30840929808,432641858.4664046,26200.042022749145,439719887.45900553,246109658.71114537,250202984.26907754,254296309.82700968,14664.070432878943,188.9,185.8,182.8,192.7,218835613.0,214742287.0,210648962.0,-39381442.0,-32303413.0,-25225384.0,27349722.0,0.0,0.0,0.0,820491657.0,49862.0,ARRIBA META 3,META 3,VERDE SOBRE META 3
28,BELGRANO V,2026-04-17,17,30,13,56.7,16,28879,36709,623632173.15,204721709.29,398347522.24,1089,1419,24864560.25,9385057.91,13919063.01,10,5207937.79,15,24876332.29,1090,1420,15:59:38,ACTIVA,28550680.0,1409,1751,46426357.79,2153,-12.9,34330.00820903997,639319514.7269998,34900.98905043403,649952754.0846972,35471.96989182804,660585993.4423945,357206575.6834808,363147678.5778728,369088781.47226477,19181.183106499466,174.6,171.7,169.0,191.4,266425597.0,260484495.0,254543392.0,15687342.0,26320581.0,36953820.0,36684245.0,1206719.0,2024660.0,2842602.0,1100527358.0,64781.0,ARRIBA META 3,META 3,VERDE SOBRE META 3
29,VILLA URQUIZA,2026-04-17,17,30,13,56.7,16,34909,43232,862716755.36,335208501.57,487138475.59,1246,1661,33385451.76,14142366.18,16308816.28,11,7204128.52,15,33460357.64,1248,1663,15:57:14,ACTIVA,42534382.42,1608,1931,63663331.99,2441,-21.5,41523.60820428358,854102048.2954804,42214.233869323616,868307576.6834313,42904.85953436362,882513105.0713811,478937468.5734893,486903214.3757056,494868960.17792183,23284.35090289924,180.1,177.2,174.3,185.7,383779287.0,375813541.0,367847795.0,-8614707.0,5590821.0,19796350.0,50748044.0,0.0,430063.0,1522796.0,1522441327.0,76292.0,ARRIBA META 3,META 3,VERDE SOBRE META 3
30,VILLA DEL PARQUE,2026-04-17,17,30,13,56.7,16,23640,28508,591600667.69,252318669.18,322256704.82,1020,1295,23932180.56,9434217.14,13961498.92,12,5128030.94,15,23932180.560000002,1020,1295,15:59:14,ACTIVA,28863739.990000002,1309,1662,43613202.54,1997,-17.1,27100.565018762616,576015170.437429,27551.30488816327,585595524.2978011,28002.044757563937,595175878.1581726,324161890.043496,329553389.736647,334944889.42979795,15251.283001899737,182.5,179.5,176.6,186.9,267438778.0,262047278.0,256655778.0,-15585497.0,-6005143.0,3575210.0,34800039.0,0.0,0.0,275016.0,1044001175.0,50308.0,ARRIBA META 3,META 3,VERDE SOBRE META 3
31,VILLA URQUIZA II,2026-04-17,17,30,13,56.7,16,19006,23680,399570798.12,142767337.12,217354551.44,809,951,17069472.67,6263376.34,10156195.29,11,2839547.5,15,17069472.67,809,951,15:59:49,ACTIVA,18506240.71,868,1120,27107181.95,1329,-7.8,21673.038476851507,411391007.01146054,22033.507069510317,418233311.9097006,22393.9756621691,425075616.8079406,231333261.85877803,235180824.6002214,239028387.34166476,12187.176189539774,172.7,169.9,167.2,194.3,168237536.0,164389974.0,160542411.0,11820209.0,18662514.0,25504819.0,23504165.0,909247.0,1435578.0,1961909.0,705124943.0,41788.0,ARRIBA META 3,META 3,VERDE SOBRE META 3
32,VILLA URQUIZA III,2026-04-17,17,30,13,56.7,16,27022,32624,653872130.92,237032824.92,374114336.86,906,1061,20534159.77,6853180.86,14733371.4,12,5868604.16,15,20534159.77,906,1061,16:00:18,ACTIVA,30687034.82,1295,1564,51200034.35,2094,-33.1,31349.92406596474,646888947.1042432,31871.33978808826,657648082.1751404,32392.75551021177,668407217.246038,363788254.4870196,369838824.6579164,375889394.82881314,17630.12678653806,179.7,176.8,174.0,185.0,290083876.0,284033306.0,277982736.0,-6983184.0,3775951.0,14535086.0,38463067.0,0.0,290458.0,1118084.0,1153892002.0,57572.0,ARRIBA META 3,META 3,VERDE SOBRE META 3
34,LOREAL G. PACIFICO,2026-04-17,17,30,13,56.7,16,277,264,22319858.29,5582444.61,14007511.88,14,14,1236233.09,350881.11,938629.4,12,755138.03,15,1236233.09,14,14,15:05:01,ACTIVA,696897.76,12,12,1828322.66,24,77.4,389.8967107100247,36918047.36176824,396.38151987704833,37532072.78281944,402.86632904407145,38146098.20387061,20346152.343152996,20684552.005433448,21022951.6677139,214.87858760416466,109.7,107.9,106.2,122.9,1973706.0,1635306.0,1296907.0,14598189.0,15212214.0,15826240.0,1312933.0,1122938.0,1170170.0,1217403.0,39387987.0,466.0,ARRIBA META 3,META 3,VERDE SOBRE META 3
35,BERAZATEGUI II,2026-04-17,17,30,13,56.7,16,18141,22915,404445240.5,207097003.54,221951973.03,870,1008,23128010.62,13099490.57,11312197.37,12,4407444.77,15,23128010.619999997,870,1008,15:59:36,ACTIVA,23923391.009999998,1032,1275,36887821.66,1554,-3.3,28283.307102027582,507141884.83483946,28753.718480556436,515576729.89359695,29224.129859085286,524011574.95235515,284854867.79752517,289592608.3509161,294330348.90430695,15886.35832760822,142.0,139.7,137.4,144.2,119590373.0,114852632.0,110114892.0,102696644.0,111131489.0,119566334.0,23790896.0,7899742.0,8548576.0,9197410.0,713726888.0,40438.0,ARRIBA META 3,META 3,VERDE SOBRE META 3
36,BERAZATEGUI,2026-04-17,17,30,13,56.7,16,46485,58631,1185087006.74,579732099.72,658563751.54,2019,2463,47686396.34,25812435.84,29188071.97,15,8951623.64,15,47686396.34,2019,2463,16:00:21,ACTIVA,56266663.7,2415,3181,86902523.13,3449,-15.2,64373.79586547192,1337713682.1064734,65444.46861052871,1359962697.5772116,66515.14135558542,1382211713.0479474,753987519.3613616,766527930.8166717,779068342.2719818,36283.57794774996,157.2,154.6,152.1,161.6,431099487.0,418559076.0,406018664.0,152626675.0,174875691.0,197124706.0,69711000.0,11740513.0,13451976.0,15163439.0,2091330007.0,103466.0,ARRIBA META 3,META 3,VERDE SOBRE META 3
37,QUILMES,2026-04-17,17,30,13,56.7,16,28337,36780,644936960.33,279898542.68,369839972.79,1307,1738,28224999.17,12022193.6,16349527.2,15,5402526.27,15,28282848.43,1308,1740,15:59:47,ACTIVA,39693789.56,1684,2094,58129307.07,2339,-28.9,38182.544915552564,681606731.9811188,38817.60161258842,692943297.4417684,39452.65830962426,704279862.9024178,385350626.9803825,391759825.1339393,398169023.2874961,21586.740465647807,167.4,164.6,162.0,170.4,259586333.0,253177135.0,246767937.0,36669772.0,48006337.0,59342903.0,37937468.0,2820752.0,3692795.0,4564839.0,1138124044.0,64906.0,ARRIBA META 3,META 3,VERDE SOBRE META 3
38,BELGRANO IV,2026-04-17,17,30,13,56.7,16,13524,17299,306307019.99,105565780.11,182922500.92,705,839,14421917.15,4451852.84,9120060.99,11,3499919.14,15,14421917.15,705,839,15:57:32,ACTIVA,16457916.94,719,927,24652564.54,1023,-12.4,16684.239619557044,333049325.03758305,16961.733907294663,338588641.6225874,17239.22819503228,344127958.2075919,188346998.47919884,191479608.49813184,194612218.5170648,9435.318488925599,162.6,160.0,157.4,183.3,117960022.0,114827411.0,111694801.0,26742305.0,32281622.0,37820938.0,18018060.0,2057100.0,2483202.0,2909303.0,540541800.0,30528.0,ARRIBA META 3,META 3,VERDE SOBRE META 3
39,BELGRANO III,2026-04-17,17,30,13,56.7,16,13894,18947,307093367.75,105314733.1,190083136.11,504,733,12597192.46,3790982.83,7677257.78,12,3463872.09,15,12597192.46,504,733,15:59:03,ACTIVA,14542017.040000001,683,868,23772711.88,1123,-13.4,16384.38863883155,311029160.75996965,16656.89576885498,316202235.3140863,16929.402898878423,321375309.8682029,175388667.2692419,178305752.7589563,181222838.2486707,9239.121117661512,175.1,172.2,169.5,205.1,131704700.0,128787615.0,125870530.0,3935793.0,9108868.0,14281942.0,18064316.0,302753.0,700682.0,1098611.0,541929476.0,33436.0,ARRIBA META 3,META 3,VERDE SOBRE META 3
40,VILLA CRESPO,2026-04-17,17,30,13,56.7,16,27342,35434,546505328.03,181985965.61,349673630.88,1138,1521,22445061.37,8929257.6,13992144.28,15,4923027.13,15,22445061.369999997,1138,1521,15:56:35,ACTIVA,26446263.86,1298,1663,43242450.95,2116,-15.1,34020.10311219119,581377318.6955154,34585.929574597794,591046856.4531195,35151.756037004365,600716394.2107238,326477773.2416566,331907790.9837695,337337808.7258823,19104.30137598247,167.4,164.7,162.0,185.5,220027555.0,214597537.0,209167519.0,34871991.0,44541528.0,54211066.0,32147372.0,2682461.0,3426271.0,4170082.0,964421164.0,62531.0,ARRIBA META 3,META 3,VERDE SOBRE META 3
42,BARRACAS,2026-04-17,17,30,13,56.7,16,18322,23981,369509344.95,131211963.95,247676891.2,574,741,11791861.03,3923851.63,7232153.05,11,2503158.61,15,11791861.03,574,741,15:46:48,ACTIVA,21285297.59,925,1093,29127144.49,1395,-44.6,24019.71479098852,398698163.76561284,24419.213587431896,405329359.76250726,24818.712383875278,411960555.75940144,223720409.65939367,227441354.52391303,231162299.38843235,13478.116834520572,165.2,162.5,159.8,177.9,145788935.0,142067990.0,138347046.0,29188819.0,35820015.0,42451211.0,21735844.0,2245294.0,2755386.0,3265478.0,652075317.0,42319.0,ARRIBA META 3,META 3,VERDE SOBRE META 3
43,BELGRANO II,2026-04-17,17,30,13,56.7,16,17242,22073,400841862.06,147888949.34,228237633.3,707,873,15780246.39,6527323.62,8034067.75,10,2555914.57,15,15780246.39,707,873,15:58:28,ACTIVA,23231872.97,915,1156,33445828.46,1367,-32.1,23579.560314665312,454081600.43478745,23971.738408716097,461633940.4371272,24363.91650276686,469186280.43946755,256282942.55695066,260545471.4000859,264808000.2432211,13308.266831017292,156.4,153.8,151.4,165.9,144558920.0,140296391.0,136033862.0,53239738.0,60792078.0,68344418.0,23578933.0,4095364.0,4676314.0,5257263.0,707367991.0,38952.0,ARRIBA META 3,META 3,VERDE SOBRE META 3
44,VILLA BALLESTER,2026-04-17,17,30,13,56.7,16,66819,82827,1563382921.78,647687961.76,841270313.04,2242,2708,50190255.12,20221616.86,26763945.03,12,8765772.95,15,50247509.97,2244,2710,15:59:56,ACTIVA,74828279.34,2802,3440,108408704.56,4481,-32.9,82884.32700911781,1663717403.3473537,84262.8691430397,1691388552.0700912,85641.41127696147,1719059700.7928274,928300069.1207179,943739667.9493921,959179266.7780662,46246.75220490218,168.4,165.7,163.0,179.1,635082853.0,619643254.0,604203655.0,100334482.0,128005630.0,155676779.0,91963701.0,7718037.0,9846587.0,11975137.0,2758911035.0,146165.0,ARRIBA META 3,META 3,VERDE SOBRE META 3
45,VILLA BALLESTER II,2026-04-17,17,30,13,56.7,16,26210,31254,635277300.07,303649522.96,325401852.59,1059,1218,26901402.83,14186818.61,12723520.67,11,5296861.14,15,26901402.83,1059,1218,15:58:56,ACTIVA,36613257.59,1401,1584,53260645.28,2102,-26.5,35282.88277246057,727101377.4714222,35869.711938639484,739194615.3686988,36456.54110481841,751287853.2659761,409448110.79595953,416258101.2097662,423068091.6235729,19868.63199855112,155.2,152.6,150.2,157.3,225829189.0,219019199.0,212209208.0,91824077.0,103917315.0,116010553.0,37369253.0,7063391.0,7993640.0,8923889.0,1121077589.0,55154.0,ARRIBA META 3,META 3,VERDE SOBRE META 3
46,SAN MIGUEL,2026-04-17,17,30,13,56.7,16,10401,13545,205341351.87,95400735.69,109035373.58,555,640,14447898.68,8412781.91,5896523.65,14,3792618.91,15,14447898.68,555,640,15:50:32,ACTIVA,15567839.969999999,690,929,20217647.65,922,-7.2,14583.909376295629,240986989.37241986,14826.470717842247,244995114.07542053,15069.032059388888,249003238.7784214,136547162.32036912,138818231.21021342,141089300.1000577,8263.481136706137,150.4,147.9,145.5,163.9,68794190.0,66523121.0,64252052.0,35645638.0,39653762.0,43661887.0,12078903.0,2741972.0,3050289.0,3358607.0,362367091.0,23903.0,ARRIBA META 3,META 3,VERDE SOBRE META 3
47,VILLA DEL PARQUE II,2026-04-17,17,30,13,56.7,16,27643,35128,634737429.95,200203846.36,426985327.87,1108,1443,24093123.23,7357746.06,15978521.94,15,5002921.28,15,24093123.23,1108,1443,15:59:18,ACTIVA,28539974.810000002,1310,1647,45148765.46,2079,-15.6,34848.294428821624,642508540.5715483,35427.89546919875,653194820.1921216,36007.496509575874,663881099.8126954,359638089.8891509,365619634.02138245,371601178.153614,19506.00381611663,176.5,173.6,170.8,180.1,275099340.0,269117796.0,263136252.0,7771111.0,18457390.0,29143670.0,37337496.0,597778.0,1419799.0,2241821.0,1120124878.0,61991.0,ARRIBA META 3,META 3,VERDE SOBRE META 3
48,PARQUE CENTENARIO,2026-04-17,17,30,13,56.7,16,5969,7758,124600058.22,49769128.65,71810360.69,318,365,6294788.53,2292110.31,3497747.6,10,2229051.23,15,6294788.53,318,365,15:59:59,ACTIVA,8109910.36,357,464,10383245.87,493,-22.4,6489.70972284461,120753896.77948716,6597.647358495311,122762290.17004268,6705.584994146002,124770683.5605985,68916030.0679389,70062249.80066139,71208469.53338389,3703.773065050516,180.8,177.8,175.0,209.5,55684028.0,54537808.0,53391589.0,-3846161.0,-1837768.0,170625.0,7329415.0,0.0,0.0,13125.0,219882453.0,13691.0,ARRIBA META 3,META 3,VERDE SOBRE META 3
49,PILAR,2026-04-17,17,30,13,56.7,16,13756,16591,293043143.85,82851653.12,213872471.22,367,504,8042323.51,2106519.14,4327098.42,12,2855052.19,15,8042323.51,367,504,15:54:11,ACTIVA,13909770.91,686,760,18496384.23,991,-42.2,16195.411423537642,295688959.65330637,16464.77546169999,300606894.13050556,16734.13949986237,305524828.60770446,164284142.3720131,167016536.062923,169748929.7538329,8998.135335175792,178.4,175.5,172.6,184.4,128759001.0,126026608.0,123294214.0,2645816.0,7563750.0,12481685.0,17237832.0,203524.0,581827.0,960130.0,517134960.0,29278.0,ARRIBA META 3,META 3,VERDE SOBRE META 3
50,ISDIN G. PACIFICO,2026-04-17,17,30,13,56.7,16,285,293,26504360.52,6303777.86,16941513.73,12,12,1365351.46,499619.16,631157.55,15,610249.74,15,1365351.46,12,12,15:35:47,ACTIVA,4385159.359999999,54,46,4425790.08,56,-68.9,283.77639464688616,24196928.713504594,288.4961979046252,24599374.95330333,293.21600116236436,25001821.19310206,13507475.572127199,13732133.53667879,13956791.501230378,158.412778911889,196.2,193.0,189.9,185.0,12996885.0,12772227.0,12547569.0,-2307432.0,-1904986.0,-1502539.0,1559080.0,0.0,0.0,0.0,46772401.0,517.0,ARRIBA META 3,META 3,VERDE SOBRE META 3
51,LOREAL ALTO PALERMO,2026-04-17,17,30,13,56.7,16,944,952,79623520.89,25572673.7,43458202.34,29,32,3199732.99,1025240.89,2386236.23,12,1553493.36,15,3199732.99,29,32,15:53:48,ACTIVA,4343323.28,44,46,8092619.66,82,-26.3,1026.067261925366,89486923.7512354,1043.1329365087684,90975281.07134193,1060.1986110921703,92463638.39144845,49303526.38442665,50123548.58795351,50943570.791480355,565.3198500952527,161.5,158.9,156.3,168.4,30319995.0,29499972.0,28679950.0,9863403.0,11351760.0,12840118.0,4683737.0,758723.0,873212.0,987701.0,140512102.0,1680.0,ARRIBA META 3,META 3,VERDE SOBRE META 3
52,ISDIN PALERMO,2026-04-17,17,30,13,56.7,16,278,282,24066922.75,7004230.61,10331969.32,21,23,2339974.88,861431.69,1073563.72,13,1215696.58,15,2339974.88,21,23,15:23:15,ACTIVA,909985.44,13,13,1891866.7999999998,21,157.1,313.01709538740334,26619960.619304363,318.2232335102584,27062707.01830707,323.4293716331133,27505453.417309787,14932022.604149375,15180373.806931397,15428725.009713415,175.58171518933034,161.2,158.5,156.0,160.6,9134900.0,8886549.0,8638198.0,2553038.0,2995784.0,3438531.0,1415701.0,196388.0,230445.0,264502.0,42471036.0,498.0,ARRIBA META 3,META 3,VERDE SOBRE META 3
53,BELGRANO VII - DANESA,2026-04-17,17,30,13,56.7,16,29820,45004,1324698430.83,724267862.25,527421217.4,1328,1769,54306371.72,26322208.59,23281889.27,14,9247744.91,15,54332051.129999995,1329,1770,15:59:40,ACTIVA,62313327.260000005,1323,2737,97135501.17,2084,-12.8,60392.22298903796,1506478946.578621,61396.67373329548,1531534886.3040686,62401.12447755293,1556590826.0295172,846876762.0338981,860962118.5883956,875047475.1428931,33949.87389179317,156.4,153.9,151.4,132.6,477821669.0,463736312.0,449650956.0,181780516.0,206836455.0,231892395.0,77923437.0,13983117.0,15910497.0,17837877.0,2337703112.0,79419.0,ARRIBA META 3,META 3,VERDE SOBRE META 3
54,PALERMO II,2026-04-17,17,30,13,56.7,16,16543,21744,283452126.44,78065220.72,187929184.59,506,725,6942160.26,1591320.36,5384026.67,11,1937120.51,15,6942160.26,506,725,15:59:34,ACTIVA,15819925.71,827,1039,26720999.87,1379,-56.1,17876.368592071885,257830456.44031724,18173.69051281301,262118723.72120097,18471.01243355416,266406991.0020849,145421620.94460362,147840290.9017511,150258960.85889858,10082.635438626126,194.9,191.7,188.6,215.7,138030505.0,135611836.0,133193166.0,-25621670.0,-21333403.0,-17045135.0,16673654.0,0.0,0.0,0.0,500209628.0,38372.0,ARRIBA META 3,META 3,VERDE SOBRE META 3
55,BELGRANO VIII,2026-04-17,17,30,13,56.7,16,11190,14915,315841204.3,148008707.43,144007153.4,448,553,15094179.45,6858564.02,6270139.03,13,4287014.27,15,15094179.45,448,553,15:57:08,ACTIVA,19304251.2,704,900,26802194.99,1015,-21.8,14230.83194808684,328140843.95364594,14467.520863218417,333598522.0886326,14704.209778349965,339056200.2236193,185703666.00137335,188792311.79539028,191880957.58940718,8053.607808062167,170.1,167.3,164.6,185.2,130137538.0,127048893.0,123960247.0,12299640.0,17757318.0,23214996.0,18578894.0,946126.0,1365948.0,1785769.0,557366826.0,26321.0,ARRIBA META 3,META 3,VERDE SOBRE META 3
56,CABALLITO IV,2026-04-17,17,30,13,56.7,16,27135,34345,592018492.43,181970165.11,391464545.9,981,1154,21605659.99,7004660.46,13631311.95,13,4335563.35,15,21605659.99,981,1154,16:00:21,ACTIVA,27501138.009999998,1052,1198,45994277.8,1857,-21.4,32376.566794898878,597879227.6934483,32915.057762842545,607823227.1938775,33453.54873078626,617767226.6943064,334260123.9123779,339819578.6504546,345379033.38853115,18100.972115172986,177.1,174.2,171.4,189.7,257758369.0,252198914.0,246639459.0,5860735.0,15804735.0,25748734.0,34824617.0,450826.0,1215749.0,1980672.0,1044738513.0,60609.0,ARRIBA META 3,META 3,VERDE SOBRE META 3
58,VILLA LURO,2026-04-17,17,30,13,56.7,16,14481,18317,329047482.37,132373210.79,178735028.7,555,701,11706898.72,4277771.64,7358876.08,12,2680789.8,15,11706898.72,555,701,15:59:07,ACTIVA,18272357.3,774,936,29583210.18,1236,-35.9,17803.334782037164,329578992.9765485,18099.44199563201,335060590.5797201,18395.549209226854,340542188.18289214,185701818.60295802,188790433.67082146,191879048.73868486,10031.317883348378,177.2,174.3,171.5,182.6,143345664.0,140257049.0,137168434.0,531511.0,6013108.0,11494706.0,19355734.0,40885.0,462547.0,884208.0,580672024.0,32324.0,ARRIBA META 3,META 3,VERDE SOBRE META 3
59,PALERMO III,2026-04-17,17,30,13,56.7,16,8838,10387,191475057.3,62876761.91,116561897.76,321,382,8627340.35,3342760.67,4169218.09,15,1977741.55,15,8627340.35,321,382,15:59:18,ACTIVA,10002481.06,478,513,16099526.52,747,-13.7,10210.35646388489,195785904.80773112,10380.176345347862,199042239.61486277,10549.996226810823,202298574.42199415,110690067.5270716,112531078.09443654,114372088.66180146,5772.555729038681,173.0,170.2,167.4,179.9,80784990.0,78943979.0,77102969.0,4310848.0,7567182.0,10823517.0,11263239.0,331604.0,582091.0,832578.0,337897164.0,18330.0,ARRIBA META 3,META 3,VERDE SOBRE META 3
60,CHACARITA,2026-04-17,17,30,13,56.7,16,7431,9875,151817510.58,54619663.78,87301497.57,289,410,7182553.98,2760264.15,4142193.05,15,2108096.34,15,7182553.98,289,410,15:50:17,ACTIVA,6583413.97,376,439,10075211.22,572,9.1,9804.68348562633,151271898.4737632,9967.756165135645,153787870.95311382,10130.82884464496,156303843.43246418,85143192.08280216,86559303.93335538,87975415.78390859,5518.5533978906815,178.3,175.4,172.6,178.9,66674318.0,65258207.0,63842095.0,-545612.0,1970360.0,4486333.0,8930442.0,0.0,151566.0,345103.0,267913257.0,17426.0,ARRIBA META 3,META 3,VERDE SOBRE META 3
61,GONZALEZ CATAN,2026-04-17,17,30,13,56.7,16,20906,24140,484446029.3,273657461.07,235330133.79,1077,1217,27623441.89,18601581.96,9710676.37,13,7709918.49,15,27623441.89,1077,1217,15:55:21,ACTIVA,30848807.92,1258,1465,39356850.480000004,1668,-10.5,31185.07730212726,703688513.2891921,31703.751272971745,715392345.6026192,32222.42524381622,727096177.916046,396172792.47073215,402761986.1873474,409351179.90396255,17557.02832273184,122.3,120.3,118.3,137.5,88273237.0,81684043.0,75094849.0,219242484.0,230946316.0,242650149.0,28496825.0,16864806.0,17765101.0,18665396.0,854904754.0,42600.0,ARRIBA META 3,META 3,VERDE SOBRE META 3
62,MORON,2026-04-17,17,30,13,56.7,16,19553,24559,522958351.43,275277121.36,229293947.63,964,1177,29220869.64,16162547.02,11758679.59,15,5692992.42,15,29220869.64,964,1177,15:58:11,ACTIVA,36427537.59,1137,1384,49744007.28,1608,-19.8,24524.46963739049,604920349.8402631,24932.363577381228,614981458.1343532,25340.25751737193,625042566.4284433,344817032.2483363,350552070.7604535,356287109.27257067,13979.451741146513,151.7,149.2,146.8,175.7,178141319.0,172406281.0,166671242.0,81961998.0,92023107.0,102084215.0,30762256.0,6304769.0,7078701.0,7852632.0,922867679.0,43339.0,ARRIBA META 3,META 3,VERDE SOBRE META 3
63,RAMOS MEJIA II,2026-04-17,17,30,13,56.7,16,12823,18773,333042348.3,175604974.82,137318862.63,605,1051,12061462.76,4850978.66,6030989.71,14,2121418.96,15,12061462.76,605,1051,15:59:32,ACTIVA,16579271.11,683,1191,27684709.87,1095,-27.2,18037.638753918367,347895662.7447842,18337.64293946242,353681905.4110191,18637.647125006475,359468148.077254,197522744.31423256,200807966.44573495,204093188.57723728,10241.127697635053,168.6,165.9,163.2,183.3,135519604.0,132234382.0,128949160.0,14853314.0,20639557.0,26425800.0,19590726.0,1142563.0,1587658.0,2032754.0,587721786.0,33129.0,ARRIBA META 3,META 3,VERDE SOBRE META 3
64,RAMOS MEJIA,2026-04-17,17,30,13,56.7,16,22296,27354,476428240.69,198187666.14,254967039.71,847,1032,18880332.03,8024598.13,10857356.06,13,3497836.84,15,18880332.03,847,1032,15:59:09,ACTIVA,26530668.009999998,1058,1289,39331202.05,1580,-28.8,25587.545402443855,532512544.30035937,26013.120546910268,541369357.2304949,26438.695691376644,550226170.1606306,300745247.09437096,305747278.3547648,310749309.6151586,14450.98852029282,158.4,155.8,153.3,189.3,175682994.0,170680962.0,165678931.0,56084304.0,64941117.0,73797929.0,28025191.0,4314177.0,4995471.0,5676764.0,840755724.0,48272.0,ARRIBA META 3,META 3,VERDE SOBRE META 3
65,BOEDO,2026-04-17,17,30,13,56.7,16,8924,11094,133129459.39,25141699.87,106527564.94,296,405,4309512.76,610448.61,3111566.05,12,1033614.42,15,4365019.89,298,407,16:00:06,ACTIVA,4695141.38,368,457,7639790.36,657,-8.2,9792.038785090688,128554275.07862191,9954.901156414022,130692405.30283378,10117.76352773736,132830535.52704547,72715002.36893778,73924407.06764248,75133811.76634717,5538.735471995264,183.1,180.1,177.2,200.3,60414457.0,59205052.0,57995648.0,-4575184.0,-2437054.0,-298924.0,7831145.0,0.0,0.0,0.0,234934344.0,19578.0,ARRIBA META 3,META 3,VERDE SOBRE META 3
66,DEVOTO II,2026-04-17,17,30,13,56.7,16,28671,34778,592568983.86,172893463.82,433564613.01,1186,1406,27295386.69,9828855.15,24072010.39,13,5019132.01,15,27295386.689999998,1186,1406,16:00:19,ACTIVA,33597786.85,1257,1506,51148974.95,2095,-18.8,31151.8983182655,562175791.3149323,31670.02045224449,571525966.9508303,32188.142586223486,580876142.5867286,314110760.3737074,319335088.4646592,324559416.555611,17405.848168857083,188.6,185.6,182.6,199.8,278458223.0,273233895.0,268009567.0,-30393193.0,-21043017.0,-11692841.0,34856999.0,0.0,0.0,0.0,1045709971.0,61373.0,ARRIBA META 3,META 3,VERDE SOBRE META 3
67,GONZALEZ CATAN II,2026-04-17,17,30,13,56.7,16,13570,16972,242134982.11,112598338.5,164418187.5,626,794,11473011.98,6602170.11,5917148.19,11,2557403.42,15,11473011.98,626,794,15:56:20,ACTIVA,13523416.24,678,786,18018083.83,976,-15.2,19914.785572562916,305896875.2423239,20246.0106906335,310984589.0040606,20577.23580870408,316072302.76579726,172370670.4204066,175237560.2221509,178104450.02389517,11221.83722112882,140.5,138.2,136.0,151.2,69764312.0,66897422.0,64030532.0,63761893.0,68849607.0,73937321.0,14243234.0,4904761.0,5296124.0,5687486.0,427297024.0,29951.0,ARRIBA META 3,META 3,VERDE SOBRE META 3
68,GONZALEZ CATAN III,2026-04-17,17,30,13,56.7,16,3529,4781,63521999.16,30974059.88,38357571.32,222,291,4052822.56,2256290.29,1976108.96,12,1152715.88,15,4052822.5599999996,222,291,15:58:49,ACTIVA,3020072.7,214,273,4909221.45,336,34.2,5414.756111047844,91038207.91602027,5504.81498844174,92552366.381651,5594.873865835636,94066524.8472818,51522173.14036825,52379096.14461004,53236019.14885182,3064.4276535366744,123.3,121.3,119.3,156.0,11999826.0,11142903.0,10285980.0,27516209.0,29030367.0,30544526.0,3736588.0,2116631.0,2233105.0,2349579.0,112097643.0,8437.0,ARRIBA META 3,META 3,VERDE SOBRE META 3
69,RAMOS MEJIA III,2026-04-17,17,30,13,56.7,16,1867,2198,39808765.53,17954155.07,20876672.82,126,153,2417668.26,1047232.0,1366031.64,12,962231.12,15,2417668.26,126,153,15:56:18,ACTIVA,1277692.42,72,93,2532768.66,128,89.2,2341.9096883731577,49118452.94537807,2380.8606130625376,49935396.98512173,2419.811537751916,50752341.02486531,27760573.429212898,28222290.63818282,28684007.847152736,1323.5912772123593,143.4,141.1,138.8,166.1,12048192.0,11586475.0,11124758.0,9309687.0,10126631.0,10943575.0,2341692.0,716130.0,778972.0,841813.0,70250762.0,3879.0,ARRIBA META 3,META 3,VERDE SOBRE META 3
70,SALADILLO,2026-04-17,17,30,13,56.7,16,5319,6325,82742629.51,30459926.78,68283237.05,174,195,2130416.66,780577.44,1840892.7,10,913646.25,12,2130416.6599999997,174,195,12:22:34,SIN TICKET DESDE 12:22:34,2213322.55,178,236,4724448.06,366,-3.7,7994.13733281985,120730922.06742613,8127.096790117929,122738933.33979693,8260.05624741602,124746944.61216784,68793181.82909456,69937358.33507642,71081534.84105828,4555.105963626247,120.3,118.3,116.4,138.9,13949448.0,12805271.0,11661095.0,37988293.0,39996304.0,42004315.0,4867214.0,2922176.0,3076639.0,3231101.0,146016412.0,11162.0,ARRIBA META 3,META 3,VERDE SOBRE META 3
71,PADUA,2026-04-17,17,30,13,56.7,16,7854,10324,163203439.51,65088593.66,102642561.91,271,357,4915218.26,1648566.18,3057446.4,11,1160371.39,15,4915218.26,271,357,15:56:54,ACTIVA,10411907.79,350,472,16113387.72,609,-52.8,12173.858889810257,204624283.84606245,12376.335980686265,208027619.64046848,12578.813071562266,211430955.43487445,115969111.0031636,117897923.2589925,119826735.51482135,6899.43327543341,140.7,138.4,136.2,149.6,47234329.0,45305516.0,43376704.0,41420844.0,44824180.0,48227516.0,9600202.0,3186219.0,3448014.0,3709809.0,288006066.0,18219.0,ARRIBA META 3,META 3,VERDE SOBRE META 3
72,MERCEDES,2026-04-17,17,30,13,56.7,16,7996,9427,194916887.46,82067126.1,103825912.13,378,496,10353207.57,4642538.12,5942465.52,10,3698763.4,15,10353207.57,378,496,15:29:37,ACTIVA,9026934.71,374,423,16339556.120000001,663,14.7,10249.31916539465,203726971.27970108,10419.787079213318,207115382.86316568,10590.254993031986,210503794.44662997,115483775.16088626,117404515.25238897,119325255.34389167,5809.883996280326,168.8,166.0,163.3,162.3,79433112.0,77512372.0,75591632.0,8810084.0,12198495.0,15586907.0,11465699.0,677699.0,938346.0,1198993.0,343970974.0,16636.0,ARRIBA META 3,META 3,VERDE SOBRE META 3
73,ESCOBAR,2026-04-17,17,30,13,56.7,16,6805,8997,128353062.59,25187211.52,115999873.5,197,224,2767005.81,399737.51,2809030.96,14,580572.37,15,2767005.81,197,224,15:56:06,ACTIVA,5687562.07,333,413,9635461.75,513,-51.3,6783.99500043242,91895664.49365233,6896.82722435072,93424084.280608,7009.659448269026,94952504.06756374,51979550.71711392,52844080.88043399,53708611.043754056,3837.275829416107,246.9,242.9,239.0,234.5,76373512.0,75508982.0,74644452.0,-36457398.0,-34928978.0,-33400559.0,7550180.0,0.0,0.0,0.0,226505403.0,15877.0,ARRIBA META 3,META 3,VERDE SOBRE META 3
74,PALERMO IV,2026-04-17,17,30,13,56.7,16,8000,10609,117736455.07,20288578.52,94224615.42,290,405,5059146.24,673699.04,3341408.55,13,1603144.19,15,5059146.24,290,405,15:59:28,ACTIVA,6237214.29,449,567,8606048.31,660,-18.9,8451.151206861856,85102997.65411276,8591.711774090949,86518440.98607509,8732.27234132004,87933884.31803742,48137369.778156824,48937996.32421134,49738622.87026586,4780.280388585883,244.6,240.6,236.7,221.9,69599085.0,68798459.0,67997832.0,-32633457.0,-31218014.0,-29802571.0,6925674.0,0.0,0.0,0.0,207770217.0,18722.0,ARRIBA META 3,META 3,VERDE SOBRE META 3
75,DEVOTO III,2026-04-17,17,30,13,56.7,16,4335,4912,89411798.07,35662612.82,49385506.71,277,297,4909483.91,2443459.05,1779440.61,12,1785336.18,15,4909483.91,277,297,15:56:03,ACTIVA,5701466.41,219,233,7317788.22,309,-13.9,4248.283598521229,79064356.69451433,4318.941564251786,80379364.62095647,4389.599529982338,81694372.54739855,44721693.470124185,45465510.07542907,46209326.68073394,2402.984667304634,199.9,196.7,193.5,204.4,44690105.0,43946288.0,43202471.0,-10347441.0,-9032433.0,-7717426.0,5259518.0,0.0,0.0,0.0,157785532.0,8668.0,ARRIBA META 3,META 3,VERDE SOBRE META 3
77,RUTA 20,2026-04-17,17,30,13,56.7,16,7626,8237,114461046.65,29658775.19,106715664.92,315,327,5259572.03,1511227.9,4869666.97,11,2191525.26,15,5259572.029999999,315,327,15:58:05,ACTIVA,4873117.72,350,381,7810362.45,607,7.9,,,,,,,,,,,,,,,,,,,,,6733003.0,,,,201990086.0,14536.0,SIN OBJETIVO,SIN OBJETIVO,SIN OBJETIVO
