ID_Sucursal,Sucursal,Fecha,Hora,Tickets,Unidades,Neto,Saldo_Cobertura,Saldo_Cliente
2,PARQUE PATRICIOS,2026-04-10,8,18,18,305278.05,0.0,205926.26
2,PARQUE PATRICIOS,2026-04-10,9,42,59,812105.11,170118.06,650503.84
2,PARQUE PATRICIOS,2026-04-10,10,50,70,908296.57,324812.67,857707.43
2,PARQUE PATRICIOS,2026-04-10,11,105,137,3024049.09,899884.72,1615939.36
2,PARQUE PATRICIOS,2026-04-10,12,107,138,2463923.96,714720.6,2133183.8
2,PARQUE PATRICIOS,2026-04-10,13,116,96,1383517.36,319766.73,1252604.25
2,PARQUE PATRICIOS,2026-04-10,14,121,110,2594769.63,803489.28,1985383.51
2,PARQUE PATRICIOS,2026-04-10,15,82,112,2688495.37,1468267.53,2138395.37
2,PARQUE PATRICIOS,2026-04-10,16,45,54,615690.92,101232.37,698737.08
2,PARQUE PATRICIOS,2026-04-10,17,80,98,1146789.56,278648.37,825063.78
2,PARQUE PATRICIOS,2026-04-10,18,90,115,1267207.76,368933.9,814473.08
2,PARQUE PATRICIOS,2026-04-10,19,75,103,1401116.06,467752.43,768277.85
4,RETIRO II,2026-04-10,8,24,30,333983.04,51545.72,237420.04
4,RETIRO II,2026-04-10,9,44,61,664272.47,225772.41,407181.66
4,RETIRO II,2026-04-10,10,84,127,3317493.18,2218179.46,1028217.98
4,RETIRO II,2026-04-10,11,102,122,2082354.96,810171.26,1654881.97
4,RETIRO II,2026-04-10,12,114,129,2450882.0,523665.77,1668843.29
4,RETIRO II,2026-04-10,13,91,122,1835214.33,480144.37,1264830.92
4,RETIRO II,2026-04-10,14,77,80,1832613.84,756904.68,887447.57
4,RETIRO II,2026-04-10,15,69,89,2130865.14,1207584.77,723737.63
4,RETIRO II,2026-04-10,16,69,81,1023319.97,264794.2,1005131.14
4,RETIRO II,2026-04-10,17,60,74,609983.91,110091.43,584447.02
4,RETIRO II,2026-04-10,18,105,135,2221695.42,760504.68,1107302.81
4,RETIRO II,2026-04-10,19,58,61,693367.81,190334.4,428925.02
4,RETIRO II,2026-04-10,20,32,36,462157.3,98897.94,255336.36
5,RECOLETA IV,2026-04-10,8,46,55,3197309.16,230050.74,1664394.27
5,RECOLETA IV,2026-04-10,9,59,65,1575113.34,670326.77,911427.59
5,RECOLETA IV,2026-04-10,10,114,205,3220715.01,1044560.12,2662639.86
5,RECOLETA IV,2026-04-10,11,133,160,3186339.55,955224.52,2333647.22
5,RECOLETA IV,2026-04-10,12,141,191,5153117.48,2584713.62,1839387.07
5,RECOLETA IV,2026-04-10,13,78,84,2131524.66,1192751.32,790171.47
5,RECOLETA IV,2026-04-10,14,107,124,5401614.21,3210003.24,2089758.32
5,RECOLETA IV,2026-04-10,15,86,117,4392358.21,1531564.99,1834557.18
5,RECOLETA IV,2026-04-10,16,101,156,3212742.21,1048837.94,1469090.78
5,RECOLETA IV,2026-04-10,17,147,190,2925647.47,885940.41,2570427.15
5,RECOLETA IV,2026-04-10,18,131,157,3257697.24,802432.29,2204908.32
5,RECOLETA IV,2026-04-10,19,99,131,3423911.85,1158944.46,1764351.19
5,RECOLETA IV,2026-04-10,20,65,86,2257724.65,1032250.65,1245197.04
5,RECOLETA IV,2026-04-10,21,25,23,295379.12,97179.66,245962.51
6,RECOLETA II,2026-04-10,8,33,37,342679.75,54611.45,423901.85
6,RECOLETA II,2026-04-10,9,58,63,638456.62,145193.63,439555.43
6,RECOLETA II,2026-04-10,10,43,48,1084767.81,375349.92,468118.07
6,RECOLETA II,2026-04-10,11,124,151,3559754.35,1217879.01,4357777.85
6,RECOLETA II,2026-04-10,12,90,92,2644911.16,998158.45,1522753.75
6,RECOLETA II,2026-04-10,13,50,57,1167985.15,408187.58,589741.26
6,RECOLETA II,2026-04-10,14,52,77,1328695.75,675284.8,389524.4
6,RECOLETA II,2026-04-10,15,85,94,2428784.02,723370.11,1534813.88
6,RECOLETA II,2026-04-10,16,118,93,1625716.46,576978.98,979724.85
6,RECOLETA II,2026-04-10,17,83,118,2420318.15,903792.56,1439421.47
6,RECOLETA II,2026-04-10,18,55,58,1889613.71,541030.69,1416810.88
6,RECOLETA II,2026-04-10,19,33,49,1229355.59,841226.14,265091.39
6,RECOLETA II,2026-04-10,20,28,38,593845.06,193701.2,255601.47
7,BELGRANO,2026-04-10,8,30,34,475165.0,356461.28,117182.21
7,BELGRANO,2026-04-10,9,100,108,2382981.78,855637.79,1285202.62
7,BELGRANO,2026-04-10,10,39,45,1242299.24,577768.24,1280175.48
7,BELGRANO,2026-04-10,11,115,134,3209085.52,1224629.44,2413512.15
7,BELGRANO,2026-04-10,12,122,135,3237905.12,1137684.26,1318819.45
7,BELGRANO,2026-04-10,13,113,132,2660186.41,816820.52,1949306.45
7,BELGRANO,2026-04-10,14,138,169,3821599.54,1737116.57,2471922.84
7,BELGRANO,2026-04-10,15,88,107,3348847.42,1350570.52,1306307.88
7,BELGRANO,2026-04-10,16,96,109,2212894.03,885194.74,1093646.66
7,BELGRANO,2026-04-10,17,98,121,2715401.33,1233366.22,1732248.57
7,BELGRANO,2026-04-10,18,153,185,6356081.0,2198777.67,2630972.43
7,BELGRANO,2026-04-10,19,115,176,2323848.78,736968.96,1135586.94
7,BELGRANO,2026-04-10,20,45,61,823124.67,173624.25,420540.49
8,MICROCENTRO II,2026-04-10,11,65,83,2872222.55,1955077.01,1352848.71
8,MICROCENTRO II,2026-04-10,12,186,221,4080856.79,1416299.29,2200841.62
8,MICROCENTRO II,2026-04-10,13,288,346,6556749.67,2070828.92,5012854.42
8,MICROCENTRO II,2026-04-10,14,147,145,3370317.26,1773309.93,1436429.79
8,MICROCENTRO II,2026-04-10,15,192,261,7600331.24,4812776.22,2444360.36
8,MICROCENTRO II,2026-04-10,16,141,169,2787796.78,1072074.85,1455037.39
8,MICROCENTRO II,2026-04-10,17,137,167,6316068.91,3354900.62,2148579.11
8,MICROCENTRO II,2026-04-10,18,76,84,2028325.54,514744.78,916075.59
8,MICROCENTRO II,2026-04-10,19,69,86,1679387.29,764776.74,877374.15
8,MICROCENTRO II,2026-04-10,20,38,23,410324.97,-15681.09,631394.0
9,CABALLITO III,2026-04-10,8,33,33,867583.79,458760.15,278337.1
9,CABALLITO III,2026-04-10,9,38,64,1199090.75,452268.05,431178.62
9,CABALLITO III,2026-04-10,10,82,101,1990877.41,867813.83,828901.59
9,CABALLITO III,2026-04-10,11,77,104,1593360.1,517359.51,625117.99
9,CABALLITO III,2026-04-10,12,110,138,3387296.22,1395017.5,1702799.21
9,CABALLITO III,2026-04-10,13,113,165,2600218.78,950884.87,1835702.89
9,CABALLITO III,2026-04-10,14,135,173,5117028.29,3637931.59,1250254.73
9,CABALLITO III,2026-04-10,15,97,130,5442084.85,2304246.75,2001457.41
9,CABALLITO III,2026-04-10,16,106,128,2608000.25,1020610.89,1449412.89
9,CABALLITO III,2026-04-10,17,111,147,2473294.04,890967.42,1481408.44
9,CABALLITO III,2026-04-10,18,154,163,5831128.55,2966516.21,2317662.36
9,CABALLITO III,2026-04-10,19,198,233,3818229.3,846948.64,3478165.27
9,CABALLITO III,2026-04-10,20,115,136,1856092.79,414317.7,1862051.36
10,RECOLETA,2026-04-10,8,31,43,243817.44,0.0,460345.76
10,RECOLETA,2026-04-10,9,37,43,909297.51,343699.65,356006.4
10,RECOLETA,2026-04-10,10,112,145,2730852.89,562328.05,3429362.39
10,RECOLETA,2026-04-10,11,110,140,2758469.43,580935.77,2232534.72
10,RECOLETA,2026-04-10,12,92,102,2314117.04,810756.64,1047717.19
10,RECOLETA,2026-04-10,13,96,131,1785205.34,625194.44,1241624.76
10,RECOLETA,2026-04-10,14,69,108,914712.1,137189.38,728393.68
10,RECOLETA,2026-04-10,15,103,120,2622735.64,1025719.51,1471010.73
10,RECOLETA,2026-04-10,16,101,123,2057960.6,573862.65,996375.66
10,RECOLETA,2026-04-10,17,57,63,1448509.99,548960.03,1110889.95
10,RECOLETA,2026-04-10,18,99,124,2403640.72,1104336.49,1255090.36
10,RECOLETA,2026-04-10,19,74,93,1107083.09,249624.89,1167753.94
10,RECOLETA,2026-04-10,20,21,23,261891.71,88114.26,136941.56
11,POMPEYA,2026-04-10,8,21,26,469617.44,129435.74,230873.22
11,POMPEYA,2026-04-10,9,20,15,117316.66,33961.98,-19710.6
11,POMPEYA,2026-04-10,10,63,79,1896595.32,1259923.55,618919.82
11,POMPEYA,2026-04-10,11,70,83,1475229.99,491507.83,1014030.96
11,POMPEYA,2026-04-10,12,90,120,2137369.49,1138259.61,759344.55
11,POMPEYA,2026-04-10,13,86,113,1934933.36,1023201.29,1047842.51
11,POMPEYA,2026-04-10,14,111,134,2527080.21,732282.61,1597842.44
11,POMPEYA,2026-04-10,15,72,98,764779.65,124060.75,632190.62
11,POMPEYA,2026-04-10,16,57,68,952579.28,358442.63,498754.35
11,POMPEYA,2026-04-10,17,110,116,2605163.71,1102561.88,1263586.29
11,POMPEYA,2026-04-10,18,126,167,2984340.3,348323.08,4568436.86
11,POMPEYA,2026-04-10,19,54,58,511578.49,47653.27,405058.19
11,POMPEYA,2026-04-10,20,42,52,974738.72,489358.28,552288.05
12,DEVOTO,2026-04-10,8,53,58,1355311.55,657707.68,516726.0
12,DEVOTO,2026-04-10,9,124,195,2866656.03,1139055.92,1563994.77
12,DEVOTO,2026-04-10,10,123,155,3685632.14,2109765.76,1446482.16
12,DEVOTO,2026-04-10,11,176,234,5109102.62,2488156.27,2164363.34
12,DEVOTO,2026-04-10,12,198,226,5057970.73,2298914.81,2221274.4
12,DEVOTO,2026-04-10,13,197,232,4658368.18,2136474.01,2034357.78
12,DEVOTO,2026-04-10,14,116,124,3138832.37,1582277.34,1208397.36
12,DEVOTO,2026-04-10,15,127,153,3532339.3,1221375.07,2259038.59
12,DEVOTO,2026-04-10,16,126,160,3141212.85,1143015.5,1537604.61
12,DEVOTO,2026-04-10,17,174,203,5585936.95,2298413.35,2291287.06
12,DEVOTO,2026-04-10,18,237,305,6457039.39,2639443.14,3636030.79
12,DEVOTO,2026-04-10,19,208,236,5583150.28,2707723.95,2603599.03
12,DEVOTO,2026-04-10,20,134,168,2130725.74,733074.51,1174395.2
12,DEVOTO,2026-04-10,21,71,64,647284.15,305054.63,211889.13
12,DEVOTO,2026-04-10,22,2,2,1520.0,0.0,760.0
13,RECOLETA III,2026-04-10,7,8,13,569149.9,527468.4,62522.25
13,RECOLETA III,2026-04-10,8,57,71,1190226.9,294010.13,876686.69
13,RECOLETA III,2026-04-10,9,68,78,1036778.85,253374.87,585415.95
13,RECOLETA III,2026-04-10,10,102,126,2243059.5,972249.37,1272207.81
13,RECOLETA III,2026-04-10,11,139,169,2431508.54,879329.84,1650675.82
13,RECOLETA III,2026-04-10,12,157,254,4434555.79,1440896.88,3137980.68
13,RECOLETA III,2026-04-10,13,169,220,3589392.92,1045217.37,2559168.05
13,RECOLETA III,2026-04-10,14,130,202,2374834.19,678448.81,1714011.12
13,RECOLETA III,2026-04-10,15,135,325,2882043.36,993210.63,1549511.96
13,RECOLETA III,2026-04-10,16,176,272,5107849.68,1858200.76,2413364.69
13,RECOLETA III,2026-04-10,17,154,234,3049148.33,1272638.4,1534369.23
13,RECOLETA III,2026-04-10,18,125,191,2844058.57,1121997.23,1598396.69
13,RECOLETA III,2026-04-10,19,136,231,4085675.15,1611007.04,2023578.31
13,RECOLETA III,2026-04-10,20,151,200,3196062.39,1237637.0,1696200.6
13,RECOLETA III,2026-04-10,21,122,167,1813277.93,453893.91,1252720.51
13,RECOLETA III,2026-04-10,22,49,65,956368.19,264633.64,546499.43
13,RECOLETA III,2026-04-10,23,31,49,456024.65,91683.72,311635.66
14,LAS CANITAS,2026-04-10,8,34,50,673460.18,307782.12,200194.53
14,LAS CANITAS,2026-04-10,9,60,85,1020758.73,173378.52,1282814.89
14,LAS CANITAS,2026-04-10,10,137,152,3356933.18,977771.53,2775019.63
14,LAS CANITAS,2026-04-10,11,168,285,4000772.38,984711.58,3267467.37
14,LAS CANITAS,2026-04-10,12,148,160,4384634.81,2560859.76,1827430.45
14,LAS CANITAS,2026-04-10,13,227,287,6254862.66,1774369.91,4670480.11
14,LAS CANITAS,2026-04-10,14,156,195,4846323.13,1452289.81,4415171.64
14,LAS CANITAS,2026-04-10,15,182,302,3820970.41,1270018.36,2169094.5
14,LAS CANITAS,2026-04-10,16,122,140,3640859.08,2037483.05,1388768.56
14,LAS CANITAS,2026-04-10,17,134,183,2875274.47,1149591.38,1536107.42
14,LAS CANITAS,2026-04-10,18,163,176,4198052.11,1330258.64,1646711.04
14,LAS CANITAS,2026-04-10,19,125,151,2434872.35,657881.16,1586575.33
14,LAS CANITAS,2026-04-10,20,113,147,3069095.41,873912.81,2139346.34
14,LAS CANITAS,2026-04-10,21,26,22,452231.85,192643.61,152671.02
15,PALERMO,2026-04-10,8,62,72,1485721.21,429478.08,1543885.87
15,PALERMO,2026-04-10,9,42,57,2234769.47,1122557.3,830696.24
15,PALERMO,2026-04-10,10,21,40,376885.26,78328.23,199138.58
15,PALERMO,2026-04-10,11,75,142,1975497.86,648599.36,1123894.65
15,PALERMO,2026-04-10,12,71,88,2169899.9,675354.42,1220072.18
15,PALERMO,2026-04-10,13,65,78,1312170.9,364083.07,782775.47
15,PALERMO,2026-04-10,14,87,114,1319367.28,556830.65,558552.23
15,PALERMO,2026-04-10,15,67,82,1226023.05,480336.93,720077.41
15,PALERMO,2026-04-10,16,83,98,1685493.76,567691.58,1199336.85
15,PALERMO,2026-04-10,17,66,83,1545167.85,512107.75,696792.83
15,PALERMO,2026-04-10,18,88,151,1106403.44,405540.18,684111.75
15,PALERMO,2026-04-10,19,86,129,4122037.77,1556526.46,2087444.25
15,PALERMO,2026-04-10,20,73,99,1136100.88,288890.19,922932.51
15,PALERMO,2026-04-10,21,33,54,617400.98,289226.34,208898.29
16,TRIBUNALES,2026-04-10,7,54,76,1759297.82,801843.24,1175653.02
16,TRIBUNALES,2026-04-10,8,94,106,1743403.93,801520.26,786827.52
16,TRIBUNALES,2026-04-10,9,133,158,3604261.38,1913306.05,1646719.62
16,TRIBUNALES,2026-04-10,10,129,187,7827365.92,4097146.42,3013142.96
16,TRIBUNALES,2026-04-10,11,146,169,4647489.93,3116646.07,1767290.46
16,TRIBUNALES,2026-04-10,12,170,216,4024937.76,1703607.64,2545367.2
16,TRIBUNALES,2026-04-10,13,137,151,3050385.47,1741252.5,1292746.94
16,TRIBUNALES,2026-04-10,14,126,152,3154560.17,1693682.46,1255845.87
16,TRIBUNALES,2026-04-10,15,121,145,3075737.09,1691640.53,1139171.82
16,TRIBUNALES,2026-04-10,16,175,216,3711177.57,2052383.61,2133768.97
16,TRIBUNALES,2026-04-10,17,140,160,4761809.96,3027581.04,1668065.88
16,TRIBUNALES,2026-04-10,18,60,72,714049.08,275425.73,402855.43
16,TRIBUNALES,2026-04-10,19,46,44,265386.54,-138333.11,263149.31
17,RETIRO,2026-04-10,8,44,55,1304197.48,353024.44,691034.64
17,RETIRO,2026-04-10,9,65,89,1035568.74,112318.4,785892.83
17,RETIRO,2026-04-10,10,68,77,1304051.58,461710.74,834275.69
17,RETIRO,2026-04-10,11,77,133,1438780.61,383633.21,903018.9
17,RETIRO,2026-04-10,12,151,190,3420861.04,1171165.72,1677644.27
17,RETIRO,2026-04-10,13,102,128,1710188.07,233538.84,1457652.18
17,RETIRO,2026-04-10,14,126,150,4360379.12,1989205.44,1669466.55
17,RETIRO,2026-04-10,15,119,136,2148329.38,616008.42,1913899.41
17,RETIRO,2026-04-10,16,44,57,1325582.62,692495.66,603952.39
17,RETIRO,2026-04-10,17,48,45,794134.15,194521.5,457536.19
17,RETIRO,2026-04-10,18,52,58,1365557.01,551824.14,794993.11
17,RETIRO,2026-04-10,19,44,51,354672.37,7611.0,557261.81
17,RETIRO,2026-04-10,20,8,4,214126.27,77341.0,96105.29
18,NUNEZ,2026-04-10,8,33,41,899074.95,617292.4,421961.22
18,NUNEZ,2026-04-10,9,86,115,1280671.55,259454.53,971796.09
18,NUNEZ,2026-04-10,10,133,153,2346837.46,712367.76,1983129.37
18,NUNEZ,2026-04-10,11,184,206,4034727.0,1382388.14,2596933.43
18,NUNEZ,2026-04-10,12,230,297,5663961.98,2840815.69,2407701.32
18,NUNEZ,2026-04-10,13,224,255,5931834.38,2617551.77,3222563.51
18,NUNEZ,2026-04-10,14,202,232,4235000.82,1224539.41,2279078.73
18,NUNEZ,2026-04-10,15,93,136,3439657.57,1779615.39,1204494.93
18,NUNEZ,2026-04-10,16,132,157,2110610.13,798073.26,1719630.74
18,NUNEZ,2026-04-10,17,131,165,2774342.0,800302.15,2905611.8
18,NUNEZ,2026-04-10,18,219,338,6054355.15,2682271.49,3792467.62
18,NUNEZ,2026-04-10,19,220,275,7413851.76,3001759.27,4015807.37
18,NUNEZ,2026-04-10,20,79,115,1268677.17,523983.7,444099.48
19,RECOLETA V,2026-04-10,8,55,65,1036794.04,407665.82,524838.21
19,RECOLETA V,2026-04-10,9,62,65,1451431.82,703321.76,602331.02
19,RECOLETA V,2026-04-10,10,77,93,2716561.72,836849.9,1324401.79
19,RECOLETA V,2026-04-10,11,79,84,3537905.03,1915206.59,1606346.36
19,RECOLETA V,2026-04-10,12,121,149,4188140.2,1638971.57,2262352.02
19,RECOLETA V,2026-04-10,13,94,125,2646813.1,1134521.29,1246432.09
19,RECOLETA V,2026-04-10,14,143,138,3700681.06,1273804.85,1232622.69
19,RECOLETA V,2026-04-10,15,164,188,5528417.34,3646835.04,1755622.82
19,RECOLETA V,2026-04-10,16,158,194,2626311.4,734491.04,1559834.53
19,RECOLETA V,2026-04-10,17,217,251,5461844.78,2117635.86,3560167.12
19,RECOLETA V,2026-04-10,18,89,94,2228373.73,885337.68,1101328.09
19,RECOLETA V,2026-04-10,19,87,97,2857657.72,1581724.56,942626.75
19,RECOLETA V,2026-04-10,20,74,85,2094811.15,667014.88,1061265.24
20,CABALLITO,2026-04-10,0,18,20,384778.97,54975.98,348593.96
20,CABALLITO,2026-04-10,1,6,8,140424.1,0.0,76473.05
20,CABALLITO,2026-04-10,2,2,2,18664.33,0.0,37328.66
20,CABALLITO,2026-04-10,3,4,4,118393.92,59196.96,29598.48
20,CABALLITO,2026-04-10,5,3,3,30596.01,0.0,21889.14
20,CABALLITO,2026-04-10,6,4,4,178307.64,71323.06,53492.29
20,CABALLITO,2026-04-10,7,3,3,74595.35,0.0,148149.7
20,CABALLITO,2026-04-10,8,47,48,1014319.17,636524.18,310973.99
20,CABALLITO,2026-04-10,9,145,160,4473245.1,1798924.75,2720280.11
20,CABALLITO,2026-04-10,10,222,238,8325915.36,3133211.43,4129720.98
20,CABALLITO,2026-04-10,11,279,333,9452915.82,4185162.5,3761194.27
20,CABALLITO,2026-04-10,12,325,348,10422852.88,4539628.53,6007908.35
20,CABALLITO,2026-04-10,13,256,289,10870179.92,3580471.78,5485363.11
20,CABALLITO,2026-04-10,14,249,277,10414785.19,4080773.26,4530536.82
20,CABALLITO,2026-04-10,15,273,233,8745779.37,4578793.15,2743174.13
20,CABALLITO,2026-04-10,16,255,274,9110515.78,3449094.73,4237088.54
20,CABALLITO,2026-04-10,17,273,341,8688901.47,2945071.2,4709740.95
20,CABALLITO,2026-04-10,18,371,480,13343838.18,3937767.34,7348567.83
20,CABALLITO,2026-04-10,19,251,290,7978358.78,3213569.93,3431121.52
20,CABALLITO,2026-04-10,20,212,232,4994279.02,1582214.7,3155682.4
20,CABALLITO,2026-04-10,21,174,540,5235325.79,2219601.05,2264850.32
20,CABALLITO,2026-04-10,22,61,78,3842828.07,1343114.01,3568636.49
20,CABALLITO,2026-04-10,23,46,57,683363.54,28274.38,556941.25
21,CABALLITO II,2026-04-10,8,11,19,252948.42,67025.72,93161.35
21,CABALLITO II,2026-04-10,9,38,39,1043433.82,486541.39,358121.11
21,CABALLITO II,2026-04-10,10,79,98,1881426.19,615343.75,1005228.34
21,CABALLITO II,2026-04-10,11,137,171,3583145.51,1401405.28,1876363.02
21,CABALLITO II,2026-04-10,12,156,190,4798667.32,1733442.47,2421848.82
21,CABALLITO II,2026-04-10,13,119,150,4191386.42,2421566.74,1453364.37
21,CABALLITO II,2026-04-10,14,97,107,2683655.33,919607.34,1203914.84
21,CABALLITO II,2026-04-10,15,171,190,3517492.99,1324617.56,1626818.19
21,CABALLITO II,2026-04-10,16,138,227,2554059.83,982622.45,1169370.2
21,CABALLITO II,2026-04-10,17,145,181,3475621.11,748042.86,4795494.91
21,CABALLITO II,2026-04-10,18,145,178,3941715.1,1305722.64,1859772.43
21,CABALLITO II,2026-04-10,19,105,129,4576226.93,3036976.37,1203707.2
21,CABALLITO II,2026-04-10,20,33,58,1175334.98,892631.58,141351.7
22,FLORES,2026-04-10,8,41,50,874882.63,317473.62,570547.75
22,FLORES,2026-04-10,9,128,182,3065235.37,1170801.82,1913356.85
22,FLORES,2026-04-10,10,164,179,4409051.33,1769077.0,2230911.02
22,FLORES,2026-04-10,11,230,320,5419950.25,1641625.93,3784298.89
22,FLORES,2026-04-10,12,300,328,7014356.55,3503237.81,3567071.12
22,FLORES,2026-04-10,13,286,305,6933782.07,3396566.49,4269189.42
22,FLORES,2026-04-10,14,157,229,4354994.45,1726374.97,2384383.02
22,FLORES,2026-04-10,15,168,203,5595924.47,1194510.53,4082627.02
22,FLORES,2026-04-10,16,160,206,2873714.11,719959.66,1984898.91
22,FLORES,2026-04-10,17,177,242,5092252.91,2520197.31,2481494.54
22,FLORES,2026-04-10,18,217,259,6003030.09,2210806.79,3022289.71
22,FLORES,2026-04-10,19,222,250,5002792.57,1941914.67,2407149.23
22,FLORES,2026-04-10,20,154,152,3163447.1,1616638.59,1428357.27
22,FLORES,2026-04-10,21,52,65,783063.01,350903.02,447497.19
23,SAN ISIDRO,2026-04-10,0,39,62,454048.69,160633.24,436941.69
23,SAN ISIDRO,2026-04-10,1,31,31,1437665.68,43417.24,839032.35
23,SAN ISIDRO,2026-04-10,2,15,19,156339.65,21070.63,89850.42
23,SAN ISIDRO,2026-04-10,3,9,9,120049.77,39654.52,102942.89
23,SAN ISIDRO,2026-04-10,5,9,12,39843.97,0.0,36417.97
23,SAN ISIDRO,2026-04-10,6,33,36,540191.93,212691.3,324438.55
23,SAN ISIDRO,2026-04-10,7,61,66,1094823.79,377411.48,661032.38
23,SAN ISIDRO,2026-04-10,8,126,148,3693619.95,904471.02,2859518.66
23,SAN ISIDRO,2026-04-10,9,221,244,4857948.01,1736879.29,2416716.02
23,SAN ISIDRO,2026-04-10,10,314,363,7450733.44,2430109.19,4303786.84
23,SAN ISIDRO,2026-04-10,11,344,402,8486727.11,3049698.2,5427271.74
23,SAN ISIDRO,2026-04-10,12,396,439,12570829.63,4129984.12,6805080.25
23,SAN ISIDRO,2026-04-10,13,446,520,13055531.09,4561493.54,6503798.83
23,SAN ISIDRO,2026-04-10,14,294,369,9320685.46,3367105.28,3805251.84
23,SAN ISIDRO,2026-04-10,15,351,642,9669286.6,3683091.81,5395481.35
23,SAN ISIDRO,2026-04-10,16,336,418,10367787.7,3553408.81,6192946.82
23,SAN ISIDRO,2026-04-10,17,346,420,10084163.35,4495961.54,5247083.24
23,SAN ISIDRO,2026-04-10,18,366,427,9873567.56,3071824.52,7699711.62
23,SAN ISIDRO,2026-04-10,19,377,472,12785954.4,4649374.7,7119656.34
23,SAN ISIDRO,2026-04-10,20,311,413,7836666.78,3452950.45,4076385.18
23,SAN ISIDRO,2026-04-10,21,310,362,5561509.63,1871158.12,2001564.97
23,SAN ISIDRO,2026-04-10,22,157,238,2911645.32,826463.5,2120421.56
23,SAN ISIDRO,2026-04-10,23,162,242,2819348.51,725152.42,1760189.74
24,BECCAR,2026-04-10,8,39,55,570617.74,193445.49,350539.93
24,BECCAR,2026-04-10,9,123,141,2507852.25,697718.86,1825486.07
24,BECCAR,2026-04-10,10,140,146,4998154.98,1800972.82,3305123.97
24,BECCAR,2026-04-10,11,234,270,10749008.78,4915481.85,4495624.63
24,BECCAR,2026-04-10,12,206,243,4922965.39,1526650.38,3824317.99
24,BECCAR,2026-04-10,13,195,247,4952725.38,2734883.06,2793126.52
24,BECCAR,2026-04-10,14,166,185,4772223.13,1940539.88,2911422.73
24,BECCAR,2026-04-10,15,165,178,2665305.27,913374.82,1507257.84
24,BECCAR,2026-04-10,16,227,271,7234853.14,2591954.57,4816952.09
24,BECCAR,2026-04-10,17,198,248,7353570.53,3150749.65,4246075.69
24,BECCAR,2026-04-10,18,216,251,5369735.59,2176521.49,3118302.54
24,BECCAR,2026-04-10,19,188,237,4690725.28,1202757.18,2565623.74
24,BECCAR,2026-04-10,20,136,134,2843885.33,991433.12,1502963.36
24,BECCAR,2026-04-10,21,76,103,1055541.06,239506.56,834246.92
25,SAN ISIDRO II,2026-04-10,8,32,40,2197592.29,1718001.88,531585.45
25,SAN ISIDRO II,2026-04-10,9,86,113,1969451.27,906470.7,953280.31
25,SAN ISIDRO II,2026-04-10,10,126,150,3041888.39,1330177.58,1939754.59
25,SAN ISIDRO II,2026-04-10,11,119,151,2894619.2,1438385.19,1361150.66
25,SAN ISIDRO II,2026-04-10,12,158,199,5302598.36,3424702.79,1689234.2
25,SAN ISIDRO II,2026-04-10,13,156,176,2580302.87,1023843.15,1744544.01
25,SAN ISIDRO II,2026-04-10,14,75,98,1354322.38,619431.0,829167.76
25,SAN ISIDRO II,2026-04-10,15,96,98,1774189.79,883307.58,792649.84
25,SAN ISIDRO II,2026-04-10,16,109,117,2746093.38,828486.9,3569883.88
25,SAN ISIDRO II,2026-04-10,17,107,116,2274809.77,776321.07,1614397.28
25,SAN ISIDRO II,2026-04-10,18,209,229,4249353.42,1503648.83,3316502.46
25,SAN ISIDRO II,2026-04-10,19,91,99,1991715.74,692866.0,1156703.63
25,SAN ISIDRO II,2026-04-10,20,93,115,2812617.89,1049542.83,1252062.83
26,BELGRANO VI,2026-04-10,8,49,64,633898.04,100932.74,436405.71
26,BELGRANO VI,2026-04-10,9,75,86,2423906.27,657368.87,1291112.95
26,BELGRANO VI,2026-04-10,10,74,102,1117838.46,295082.14,701148.15
26,BELGRANO VI,2026-04-10,11,130,144,3689906.0,1273928.52,2259735.38
26,BELGRANO VI,2026-04-10,12,126,163,1554387.39,496580.08,1037467.88
26,BELGRANO VI,2026-04-10,13,116,122,2460467.8,979924.16,1035675.95
26,BELGRANO VI,2026-04-10,14,89,97,1289675.07,172955.42,767340.68
26,BELGRANO VI,2026-04-10,15,104,129,1847325.85,385259.26,1083439.5
26,BELGRANO VI,2026-04-10,16,94,123,1672402.93,298987.57,1485057.67
26,BELGRANO VI,2026-04-10,17,124,155,3044438.12,794905.55,1694017.44
26,BELGRANO VI,2026-04-10,18,137,177,1153266.33,91354.95,4063482.5
26,BELGRANO VI,2026-04-10,19,185,241,3168546.45,803362.49,2428251.93
26,BELGRANO VI,2026-04-10,20,55,63,1124098.03,419342.97,579632.25
27,MICROCENTRO,2026-04-10,8,137,181,2437714.9,503411.88,1769207.85
27,MICROCENTRO,2026-04-10,9,136,176,1955576.56,474955.36,1387397.08
27,MICROCENTRO,2026-04-10,10,127,188,2812278.58,1459780.11,1469194.28
27,MICROCENTRO,2026-04-10,11,224,314,4308809.78,1125552.14,3929431.87
27,MICROCENTRO,2026-04-10,12,170,203,5871844.59,2239784.88,2959323.47
27,MICROCENTRO,2026-04-10,13,176,199,3831945.08,1639717.38,1581542.54
27,MICROCENTRO,2026-04-10,14,212,251,8929945.68,5596031.35,3077699.69
27,MICROCENTRO,2026-04-10,15,257,308,4905380.58,1547642.73,6916049.42
27,MICROCENTRO,2026-04-10,16,174,212,3348948.57,764853.09,3230889.19
27,MICROCENTRO,2026-04-10,17,195,243,5168764.26,2384071.92,2320357.43
27,MICROCENTRO,2026-04-10,18,176,177,2505876.11,551097.37,2087984.7
27,MICROCENTRO,2026-04-10,19,79,93,1337634.17,399378.47,897837.71
27,MICROCENTRO,2026-04-10,20,40,27,337100.2,117584.61,171584.55
28,BELGRANO V,2026-04-10,7,41,53,374923.89,23034.16,1467162.41
28,BELGRANO V,2026-04-10,8,79,103,1864805.85,694870.52,1059894.32
28,BELGRANO V,2026-04-10,9,108,156,1969547.53,584396.08,1162030.36
28,BELGRANO V,2026-04-10,10,181,201,3444756.09,968622.85,2279954.16
28,BELGRANO V,2026-04-10,11,156,185,3882873.15,1232702.47,2999291.76
28,BELGRANO V,2026-04-10,12,197,197,3640319.06,1398776.48,2925649.35
28,BELGRANO V,2026-04-10,13,184,251,3522113.87,1104462.0,2509604.04
28,BELGRANO V,2026-04-10,14,156,188,2458947.7,975989.27,1329513.13
28,BELGRANO V,2026-04-10,15,162,208,4491075.81,1098030.17,4347674.8
28,BELGRANO V,2026-04-10,16,145,209,2901317.05,769109.61,1906220.75
28,BELGRANO V,2026-04-10,17,231,295,6100382.43,1766088.75,4532170.1
28,BELGRANO V,2026-04-10,18,247,297,7044728.85,3906028.71,2556864.66
28,BELGRANO V,2026-04-10,19,132,179,2697278.63,874680.34,1322027.96
28,BELGRANO V,2026-04-10,20,134,161,2033287.88,512295.04,2531115.46
29,VILLA URQUIZA,2026-04-10,7,31,46,512412.35,27607.52,551278.06
29,VILLA URQUIZA,2026-04-10,8,69,122,1047425.96,198303.06,690412.62
29,VILLA URQUIZA,2026-04-10,9,132,161,3523362.17,913784.52,2129414.3
29,VILLA URQUIZA,2026-04-10,10,119,124,2829806.36,1382270.27,1586424.29
29,VILLA URQUIZA,2026-04-10,11,215,289,6240806.76,2149958.09,3161334.45
29,VILLA URQUIZA,2026-04-10,12,223,299,4907939.12,1692779.23,2830390.33
29,VILLA URQUIZA,2026-04-10,13,200,203,7435526.37,4412044.82,2304984.33
29,VILLA URQUIZA,2026-04-10,14,251,292,5955998.06,2431456.06,4434144.64
29,VILLA URQUIZA,2026-04-10,15,183,200,5988743.17,3262263.28,2315053.86
29,VILLA URQUIZA,2026-04-10,16,185,195,4092362.1,1108222.57,2732740.76
29,VILLA URQUIZA,2026-04-10,17,223,253,7376452.6,2747022.51,3795069.06
29,VILLA URQUIZA,2026-04-10,18,226,302,4732813.3,1324951.49,3345384.37
29,VILLA URQUIZA,2026-04-10,19,223,290,6536607.45,2262614.87,3244546.24
29,VILLA URQUIZA,2026-04-10,20,115,110,1450884.04,388608.5,879459.48
29,VILLA URQUIZA,2026-04-10,21,46,58,1032192.18,216124.89,954988.94
30,VILLA DEL PARQUE,2026-04-10,7,12,128,93831.82,0.0,281495.46
30,VILLA DEL PARQUE,2026-04-10,8,54,71,1140071.52,457249.25,777826.3
30,VILLA DEL PARQUE,2026-04-10,9,76,108,2117274.59,946343.66,1346167.75
30,VILLA DEL PARQUE,2026-04-10,10,172,192,4302676.49,1974578.07,1997280.01
30,VILLA DEL PARQUE,2026-04-10,11,136,151,2770676.53,1224487.06,1441916.46
30,VILLA DEL PARQUE,2026-04-10,12,183,235,3638108.38,1463906.67,2108021.0
30,VILLA DEL PARQUE,2026-04-10,13,162,165,2618650.06,882987.62,1634235.05
30,VILLA DEL PARQUE,2026-04-10,14,163,202,3993996.2,1374657.75,2479413.33
30,VILLA DEL PARQUE,2026-04-10,15,165,196,3900389.43,1879239.14,2536580.84
30,VILLA DEL PARQUE,2026-04-10,16,186,214,4288064.97,1819571.79,2021561.07
30,VILLA DEL PARQUE,2026-04-10,17,146,163,2676898.92,838712.01,1803720.87
30,VILLA DEL PARQUE,2026-04-10,18,202,231,6295256.03,1934611.86,8181579.98
30,VILLA DEL PARQUE,2026-04-10,19,187,234,2767196.7,1066475.09,1657765.41
30,VILLA DEL PARQUE,2026-04-10,20,153,186,3010110.9,894602.23,2248506.98
31,VILLA URQUIZA II,2026-04-10,7,6,6,24856.38,0.0,12428.19
31,VILLA URQUIZA II,2026-04-10,8,35,46,451925.62,144969.05,288623.83
31,VILLA URQUIZA II,2026-04-10,9,55,84,601111.51,108994.58,430612.83
31,VILLA URQUIZA II,2026-04-10,10,79,103,2636796.02,1192662.24,1583557.42
31,VILLA URQUIZA II,2026-04-10,11,149,188,3946310.18,1771953.14,2074856.02
31,VILLA URQUIZA II,2026-04-10,12,147,181,2950134.48,975311.11,1794294.71
31,VILLA URQUIZA II,2026-04-10,13,105,164,2032707.67,603772.19,1297759.47
31,VILLA URQUIZA II,2026-04-10,14,127,133,1805473.0,837535.13,856009.04
31,VILLA URQUIZA II,2026-04-10,15,79,102,1553457.1,539518.6,928934.04
31,VILLA URQUIZA II,2026-04-10,16,86,113,2503468.75,879729.88,1085692.58
31,VILLA URQUIZA II,2026-04-10,17,115,157,1978352.46,435207.87,1745113.04
31,VILLA URQUIZA II,2026-04-10,18,135,176,2373419.92,657276.97,1177603.97
31,VILLA URQUIZA II,2026-04-10,19,130,161,3039997.29,1386883.17,1434573.25
31,VILLA URQUIZA II,2026-04-10,20,81,114,1209171.57,417362.15,532896.59
32,VILLA URQUIZA III,2026-04-10,0,11,11,11.0,0.0,11.0
32,VILLA URQUIZA III,2026-04-10,8,72,96,1278762.8,370674.08,1075211.62
32,VILLA URQUIZA III,2026-04-10,9,166,191,4211378.26,1753156.94,2467306.33
32,VILLA URQUIZA III,2026-04-10,10,126,145,2490015.06,580261.43,1540641.26
32,VILLA URQUIZA III,2026-04-10,11,135,172,4026191.57,948191.07,2138190.15
32,VILLA URQUIZA III,2026-04-10,12,185,206,3765098.2,1414063.55,2090220.2
32,VILLA URQUIZA III,2026-04-10,13,164,189,4616199.01,1648041.12,2537196.02
32,VILLA URQUIZA III,2026-04-10,14,114,147,2943264.99,795053.44,1789570.23
32,VILLA URQUIZA III,2026-04-10,15,179,234,3783636.18,1399798.1,2993095.04
32,VILLA URQUIZA III,2026-04-10,16,143,173,3572477.75,1055874.81,2080255.17
32,VILLA URQUIZA III,2026-04-10,17,212,259,7298938.47,2555896.31,3448512.38
32,VILLA URQUIZA III,2026-04-10,18,211,293,5375254.06,1873910.8,2787671.55
32,VILLA URQUIZA III,2026-04-10,19,192,219,3659689.74,1175822.68,2133769.14
32,VILLA URQUIZA III,2026-04-10,20,134,148,3296183.43,1374789.61,1737143.52
32,VILLA URQUIZA III,2026-04-10,21,50,70,882933.83,42768.64,557121.88
34,LOREAL G. PACIFICO,2026-04-10,11,2,2,171744.16,51523.25,60110.46
34,LOREAL G. PACIFICO,2026-04-10,12,2,2,60781.0,0.0,30390.5
34,LOREAL G. PACIFICO,2026-04-10,13,4,4,211426.14,0.0,211426.14
34,LOREAL G. PACIFICO,2026-04-10,14,2,2,139080.14,0.0,69540.07
34,LOREAL G. PACIFICO,2026-04-10,15,2,2,113866.32,0.0,56933.16
34,LOREAL G. PACIFICO,2026-04-10,17,8,8,796067.46,273744.55,522322.92
34,LOREAL G. PACIFICO,2026-04-10,18,4,4,335357.44,109284.12,113036.66
35,BERAZATEGUI II,2026-04-10,8,44,60,1021969.17,624066.12,388490.47
35,BERAZATEGUI II,2026-04-10,9,60,70,1325091.71,804168.82,402232.37
35,BERAZATEGUI II,2026-04-10,10,84,100,1701900.95,873564.71,1002204.72
35,BERAZATEGUI II,2026-04-10,11,121,129,2216362.48,1188221.39,1059593.87
35,BERAZATEGUI II,2026-04-10,12,119,173,2730062.46,1331311.4,1652472.77
35,BERAZATEGUI II,2026-04-10,13,146,216,3423956.73,2049001.59,1164577.86
35,BERAZATEGUI II,2026-04-10,14,178,194,4343917.38,2830440.97,1416995.01
35,BERAZATEGUI II,2026-04-10,15,122,150,3690968.45,2301940.97,1649829.08
35,BERAZATEGUI II,2026-04-10,16,158,183,3469161.68,1715624.58,1592986.26
35,BERAZATEGUI II,2026-04-10,17,156,220,3217391.22,1369522.3,1857449.33
35,BERAZATEGUI II,2026-04-10,18,126,161,2541462.98,1306412.7,1114781.76
35,BERAZATEGUI II,2026-04-10,19,158,197,4630611.08,3001428.74,2017176.68
35,BERAZATEGUI II,2026-04-10,20,82,84,2574965.37,1349372.22,1004980.19
36,BERAZATEGUI,2026-04-10,8,128,195,3398887.25,1700075.85,1396655.67
36,BERAZATEGUI,2026-04-10,9,227,326,4671167.75,2035018.2,3013542.89
36,BERAZATEGUI,2026-04-10,10,231,261,5770446.07,2847620.14,3871277.37
36,BERAZATEGUI,2026-04-10,11,318,481,7413341.52,3592251.98,4872306.67
36,BERAZATEGUI,2026-04-10,12,265,341,5540928.81,2276540.12,3845077.5
36,BERAZATEGUI,2026-04-10,13,289,347,6270326.86,2852954.29,4205338.95
36,BERAZATEGUI,2026-04-10,14,361,439,10631616.19,5768334.06,6293808.08
36,BERAZATEGUI,2026-04-10,15,323,376,6568440.64,3211697.14,3969594.7
36,BERAZATEGUI,2026-04-10,16,273,415,6001508.61,1465352.16,5744642.46
36,BERAZATEGUI,2026-04-10,17,230,264,6889302.33,4121826.52,3650108.51
36,BERAZATEGUI,2026-04-10,18,211,277,6297691.92,2646545.55,3754009.54
36,BERAZATEGUI,2026-04-10,19,215,285,4567462.67,1902974.08,3555067.7
36,BERAZATEGUI,2026-04-10,20,261,380,10771588.01,7365150.67,2677215.68
36,BERAZATEGUI,2026-04-10,21,117,149,2109814.5,780084.81,1274142.84
37,QUILMES,2026-04-10,8,54,91,735123.1,322891.81,592511.84
37,QUILMES,2026-04-10,9,124,181,1845117.92,630462.72,1240332.51
37,QUILMES,2026-04-10,10,159,196,5687370.24,3446304.11,2205784.07
37,QUILMES,2026-04-10,11,227,284,5042043.88,2282030.88,3264916.72
37,QUILMES,2026-04-10,12,215,243,5187868.79,2036876.91,3401056.43
37,QUILMES,2026-04-10,13,238,249,4454186.79,2061297.77,1579065.33
37,QUILMES,2026-04-10,14,255,289,7110936.0,3395714.67,3361237.6
37,QUILMES,2026-04-10,15,226,325,4908236.38,2217650.74,3282280.45
37,QUILMES,2026-04-10,16,186,236,4722906.46,1865537.42,2421807.28
37,QUILMES,2026-04-10,17,232,259,5150217.95,1980600.99,2611220.65
37,QUILMES,2026-04-10,18,202,268,3729669.41,1392543.72,2543821.0
37,QUILMES,2026-04-10,19,181,228,8979673.33,6976614.15,1875512.12
37,QUILMES,2026-04-10,20,40,46,575956.82,196467.16,348093.37
38,BELGRANO IV,2026-04-10,8,17,19,228380.83,48914.72,117263.46
38,BELGRANO IV,2026-04-10,9,35,41,1123627.78,875434.18,190761.59
38,BELGRANO IV,2026-04-10,10,60,81,1624083.24,590361.68,745069.72
38,BELGRANO IV,2026-04-10,11,104,118,2175048.32,845785.4,1140098.51
38,BELGRANO IV,2026-04-10,12,86,109,3053775.56,1120223.84,1365966.72
38,BELGRANO IV,2026-04-10,13,77,94,1642621.56,764366.19,831700.45
38,BELGRANO IV,2026-04-10,14,108,138,2424468.48,947302.04,1189289.37
38,BELGRANO IV,2026-04-10,15,84,108,1938802.25,693810.96,1579624.34
38,BELGRANO IV,2026-04-10,16,148,219,2247108.92,644804.38,1817025.48
38,BELGRANO IV,2026-04-10,17,85,105,4962715.15,1698538.12,1988401.67
38,BELGRANO IV,2026-04-10,18,80,93,1056629.56,154647.03,762713.23
38,BELGRANO IV,2026-04-10,19,110,136,1972090.23,685503.0,875307.98
38,BELGRANO IV,2026-04-10,20,29,35,203212.66,30857.4,104954.18
39,BELGRANO III,2026-04-10,8,10,11,361429.9,216030.6,147255.16
39,BELGRANO III,2026-04-10,9,36,50,847274.98,359057.7,335926.44
39,BELGRANO III,2026-04-10,10,69,105,1859465.7,633178.93,956983.82
39,BELGRANO III,2026-04-10,11,123,174,2195491.13,540538.52,1424656.05
39,BELGRANO III,2026-04-10,12,96,132,1869636.89,763143.93,879929.95
39,BELGRANO III,2026-04-10,13,56,66,1180552.81,280577.71,605563.28
39,BELGRANO III,2026-04-10,14,64,64,1454008.61,766115.21,780991.16
39,BELGRANO III,2026-04-10,15,150,180,3914090.89,1280925.29,1674228.79
39,BELGRANO III,2026-04-10,16,79,86,860066.13,190470.3,760552.98
39,BELGRANO III,2026-04-10,17,108,147,2961253.61,928174.67,2113665.44
39,BELGRANO III,2026-04-10,18,162,295,3768944.06,1596204.31,1768561.45
39,BELGRANO III,2026-04-10,19,112,137,1409241.93,303955.56,903561.78
39,BELGRANO III,2026-04-10,20,58,90,1091255.24,233764.42,779456.82
40,VILLA CRESPO,2026-04-10,7,16,35,82927.84,0.0,114484.86
40,VILLA CRESPO,2026-04-10,8,32,41,383258.95,40939.7,186273.22
40,VILLA CRESPO,2026-04-10,9,69,102,1254337.93,308535.36,734663.61
40,VILLA CRESPO,2026-04-10,10,122,132,2587138.4,1075010.91,1545754.11
40,VILLA CRESPO,2026-04-10,11,163,177,4098724.57,1233385.68,2596459.19
40,VILLA CRESPO,2026-04-10,12,228,346,4439121.49,1809690.62,2938249.14
40,VILLA CRESPO,2026-04-10,13,200,334,3716316.31,1197848.61,3292344.95
40,VILLA CRESPO,2026-04-10,14,161,217,3910958.03,1813637.51,2121416.03
40,VILLA CRESPO,2026-04-10,15,139,94,2211702.57,789972.72,292981.21
40,VILLA CRESPO,2026-04-10,16,168,185,3761777.77,1716931.32,1720888.72
40,VILLA CRESPO,2026-04-10,17,181,234,3655164.88,1054110.29,2843047.69
40,VILLA CRESPO,2026-04-10,18,205,222,5535650.19,905914.83,4965004.72
40,VILLA CRESPO,2026-04-10,19,174,253,3104227.98,540687.02,2911774.36
40,VILLA CRESPO,2026-04-10,20,162,154,2790936.0,1007938.88,2525986.26
40,VILLA CRESPO,2026-04-10,21,96,110,1710208.04,449685.37,1890485.67
42,BARRACAS,2026-04-10,8,69,91,809911.34,370468.7,789740.05
42,BARRACAS,2026-04-10,9,71,87,1417836.94,509459.07,1164071.81
42,BARRACAS,2026-04-10,10,80,95,1150019.58,307717.45,765122.99
42,BARRACAS,2026-04-10,11,98,128,2063468.17,869150.93,923947.04
42,BARRACAS,2026-04-10,12,140,169,6429294.16,3670057.57,2190606.86
42,BARRACAS,2026-04-10,13,106,113,2563301.45,1024215.45,1590070.11
42,BARRACAS,2026-04-10,14,103,123,1366996.2,178852.9,1399205.69
42,BARRACAS,2026-04-10,15,92,101,1946193.66,698094.89,1119385.83
42,BARRACAS,2026-04-10,16,166,186,3538276.09,1316479.37,2853830.56
42,BARRACAS,2026-04-10,17,125,176,2693968.09,631671.59,3414029.11
42,BARRACAS,2026-04-10,18,113,164,2497045.58,963699.14,1346263.85
42,BARRACAS,2026-04-10,19,118,154,1564582.63,255802.69,1522386.92
42,BARRACAS,2026-04-10,20,114,138,1086250.6,265467.32,1035335.21
43,BELGRANO II,2026-04-10,8,34,40,942140.55,458410.94,349912.2
43,BELGRANO II,2026-04-10,9,56,76,1648923.88,771038.62,894988.73
43,BELGRANO II,2026-04-10,10,100,129,2749857.05,1192514.78,1298348.2
43,BELGRANO II,2026-04-10,11,141,164,3773708.9,1521433.19,1611537.71
43,BELGRANO II,2026-04-10,12,151,190,4898498.15,1989349.17,2934639.89
43,BELGRANO II,2026-04-10,13,74,135,2100483.45,782192.66,971235.85
43,BELGRANO II,2026-04-10,14,105,114,2453406.42,1069022.61,1000544.78
43,BELGRANO II,2026-04-10,15,127,159,2253733.34,636085.71,1330584.24
43,BELGRANO II,2026-04-10,16,127,149,2411121.23,911470.28,1279726.96
43,BELGRANO II,2026-04-10,17,111,118,3401937.22,1171949.72,1756399.39
43,BELGRANO II,2026-04-10,18,160,199,3541429.53,1426789.13,1694463.76
43,BELGRANO II,2026-04-10,19,105,123,1538532.94,458567.36,906730.02
43,BELGRANO II,2026-04-10,20,76,86,1732055.8,802428.05,739628.16
44,VILLA BALLESTER,2026-04-10,0,18,28,133783.4,3767.16,127442.24
44,VILLA BALLESTER,2026-04-10,1,17,29,211815.45,41525.38,153144.6
44,VILLA BALLESTER,2026-04-10,2,2,2,25200.32,0.0,25200.32
44,VILLA BALLESTER,2026-04-10,5,5,5,85106.64,0.0,45956.32
44,VILLA BALLESTER,2026-04-10,6,28,26,469537.06,40351.68,342053.12
44,VILLA BALLESTER,2026-04-10,7,10,10,82065.74,0.0,41032.87
44,VILLA BALLESTER,2026-04-10,8,184,226,3922145.41,1931662.03,2685717.96
44,VILLA BALLESTER,2026-04-10,9,209,255,4939896.16,1857914.07,2866020.19
44,VILLA BALLESTER,2026-04-10,10,279,308,7232671.52,2924191.23,3442399.28
44,VILLA BALLESTER,2026-04-10,11,380,480,9816391.67,4464851.62,4571259.89
44,VILLA BALLESTER,2026-04-10,12,299,337,11929606.55,5511653.67,4458557.79
44,VILLA BALLESTER,2026-04-10,13,330,354,7464890.41,4147072.47,2402469.1
44,VILLA BALLESTER,2026-04-10,14,365,481,9198559.31,3450165.89,5920126.71
44,VILLA BALLESTER,2026-04-10,15,348,397,10876840.03,5539249.25,4332966.68
44,VILLA BALLESTER,2026-04-10,16,328,502,8439769.67,4366302.11,3394191.75
44,VILLA BALLESTER,2026-04-10,17,397,504,9441439.38,3522843.24,6696328.54
44,VILLA BALLESTER,2026-04-10,18,341,469,6758860.44,3131965.85,2623596.06
44,VILLA BALLESTER,2026-04-10,19,361,450,7603557.27,2849623.37,4098248.31
44,VILLA BALLESTER,2026-04-10,20,306,496,6784682.59,3051842.31,3393911.97
44,VILLA BALLESTER,2026-04-10,21,203,210,2197456.21,831294.19,1424282.53
44,VILLA BALLESTER,2026-04-10,22,42,55,367651.05,33565.53,353867.02
44,VILLA BALLESTER,2026-04-10,23,29,29,426778.28,57092.58,352920.03
45,VILLA BALLESTER II,2026-04-10,8,52,66,642881.42,133208.58,448104.01
45,VILLA BALLESTER II,2026-04-10,9,151,165,3751570.13,1750206.07,2091228.18
45,VILLA BALLESTER II,2026-04-10,10,159,200,3866904.04,2058959.16,1955484.49
45,VILLA BALLESTER II,2026-04-10,11,153,162,4288243.66,1407432.6,2933695.0
45,VILLA BALLESTER II,2026-04-10,12,186,220,3871026.88,2235373.3,1680665.28
45,VILLA BALLESTER II,2026-04-10,13,168,188,4607927.58,2349141.83,2569693.42
45,VILLA BALLESTER II,2026-04-10,14,137,154,2347443.77,951850.37,1594804.03
45,VILLA BALLESTER II,2026-04-10,15,213,225,6498719.51,3678916.08,4093514.32
45,VILLA BALLESTER II,2026-04-10,16,182,204,6738540.6,4413060.24,2168686.07
45,VILLA BALLESTER II,2026-04-10,17,182,197,4965517.74,2771517.79,1935347.41
45,VILLA BALLESTER II,2026-04-10,18,236,251,5713914.44,1900012.67,3474949.59
45,VILLA BALLESTER II,2026-04-10,19,192,226,4870251.87,1969604.24,2746608.53
45,VILLA BALLESTER II,2026-04-10,20,91,117,1097703.64,160680.29,1214396.26
46,SAN MIGUEL,2026-04-10,7,2,2,95914.8,0.0,47957.4
46,SAN MIGUEL,2026-04-10,8,61,104,1369851.9,124243.65,1696328.45
46,SAN MIGUEL,2026-04-10,9,60,93,1762848.9,1327750.47,502755.29
46,SAN MIGUEL,2026-04-10,10,70,79,1064407.6,252583.59,1116629.5
46,SAN MIGUEL,2026-04-10,11,90,144,2553604.59,1348431.14,1050129.07
46,SAN MIGUEL,2026-04-10,12,94,142,3091402.8,2057833.61,796166.5
46,SAN MIGUEL,2026-04-10,13,92,106,1449605.44,439622.98,911595.54
46,SAN MIGUEL,2026-04-10,14,72,84,1509684.18,927865.31,537642.83
46,SAN MIGUEL,2026-04-10,15,83,91,1359672.36,447770.79,737348.77
46,SAN MIGUEL,2026-04-10,16,66,84,1310847.4,498823.79,846284.59
46,SAN MIGUEL,2026-04-10,17,93,131,3460821.02,2541921.15,1043677.03
46,SAN MIGUEL,2026-04-10,18,83,73,203844.9,-467820.99,883373.96
46,SAN MIGUEL,2026-04-10,19,56,67,985141.76,398219.59,517122.34
47,VILLA DEL PARQUE II,2026-04-10,7,9,9,323867.4,146680.68,91293.36
47,VILLA DEL PARQUE II,2026-04-10,8,35,47,452258.83,55594.96,388478.59
47,VILLA DEL PARQUE II,2026-04-10,9,110,178,1972122.01,443861.49,1597705.05
47,VILLA DEL PARQUE II,2026-04-10,10,122,172,3324287.62,1193942.39,2100971.9
47,VILLA DEL PARQUE II,2026-04-10,11,144,188,3530906.48,1268273.17,2137892.31
47,VILLA DEL PARQUE II,2026-04-10,12,215,277,4949614.88,1471087.61,3243329.12
47,VILLA DEL PARQUE II,2026-04-10,13,163,181,2967540.35,909144.51,1791188.43
47,VILLA DEL PARQUE II,2026-04-10,14,133,154,3319381.8,1145467.33,1892302.67
47,VILLA DEL PARQUE II,2026-04-10,15,191,243,4172942.81,1275100.23,3657643.22
47,VILLA DEL PARQUE II,2026-04-10,16,188,198,3527052.63,1143498.48,2420600.66
47,VILLA DEL PARQUE II,2026-04-10,17,154,183,3373036.95,1086460.5,2520159.02
47,VILLA DEL PARQUE II,2026-04-10,18,248,320,5732605.51,1762908.93,3766926.03
47,VILLA DEL PARQUE II,2026-04-10,19,225,381,4150307.98,1011348.29,3785859.09
47,VILLA DEL PARQUE II,2026-04-10,20,111,115,3024586.29,1085689.78,944848.79
47,VILLA DEL PARQUE II,2026-04-10,21,31,33,328253.92,16262.04,275714.16
48,PARQUE CENTENARIO,2026-04-10,7,2,2,2600.0,0.0,1300.0
48,PARQUE CENTENARIO,2026-04-10,8,39,48,602684.09,159102.82,360902.06
48,PARQUE CENTENARIO,2026-04-10,9,27,30,496265.31,157182.62,294367.39
48,PARQUE CENTENARIO,2026-04-10,10,42,48,952236.06,494151.13,362108.36
48,PARQUE CENTENARIO,2026-04-10,11,28,28,643176.09,272670.45,266552.82
48,PARQUE CENTENARIO,2026-04-10,12,77,100,2045472.09,566120.36,1156980.04
48,PARQUE CENTENARIO,2026-04-10,13,43,77,1043362.49,406081.75,533699.6
48,PARQUE CENTENARIO,2026-04-10,14,29,37,935410.37,303651.8,408346.01
48,PARQUE CENTENARIO,2026-04-10,15,34,36,915329.27,238173.59,742357.45
48,PARQUE CENTENARIO,2026-04-10,16,36,58,473374.59,89777.66,548396.81
48,PARQUE CENTENARIO,2026-04-10,17,53,53,1084249.93,421226.76,535414.35
48,PARQUE CENTENARIO,2026-04-10,18,46,49,751213.72,169253.29,533607.68
48,PARQUE CENTENARIO,2026-04-10,19,37,41,437871.86,300586.0,136029.58
49,PILAR,2026-04-10,8,35,43,917940.46,226119.56,852960.21
49,PILAR,2026-04-10,9,48,49,830336.1,117830.22,515590.04
49,PILAR,2026-04-10,10,81,88,1986412.21,662164.42,1295202.99
49,PILAR,2026-04-10,11,110,123,2115935.5,516765.37,1481727.32
49,PILAR,2026-04-10,12,98,110,2904584.71,1402002.37,1561515.14
49,PILAR,2026-04-10,13,80,89,1895104.4,775344.29,1311048.5
49,PILAR,2026-04-10,14,58,66,935818.18,336156.08,481163.17
49,PILAR,2026-04-10,15,130,82,917465.97,55413.19,1472190.63
49,PILAR,2026-04-10,16,46,110,1406173.38,1039521.14,376343.62
49,PILAR,2026-04-10,17,44,52,451896.84,82806.27,249655.53
49,PILAR,2026-04-10,18,73,92,1665347.51,256950.18,1431573.96
49,PILAR,2026-04-10,19,122,138,1377072.0,211272.16,1063979.45
49,PILAR,2026-04-10,20,66,75,1092296.97,219968.9,640399.37
50,ISDIN G. PACIFICO,2026-04-10,11,4,4,176639.38,57760.71,118878.66
50,ISDIN G. PACIFICO,2026-04-10,12,8,8,577272.6,202045.41,750454.36
50,ISDIN G. PACIFICO,2026-04-10,13,18,18,2154824.3,625169.24,2529611.35
50,ISDIN G. PACIFICO,2026-04-10,14,6,6,946096.58,261857.55,614804.35
50,ISDIN G. PACIFICO,2026-04-10,15,6,6,418487.64,126962.31,145762.67
50,ISDIN G. PACIFICO,2026-04-10,16,12,4,111838.86,27959.72,83879.14
50,ISDIN G. PACIFICO,2026-04-10,18,2,2,40630.72,10157.68,15236.52
51,LOREAL ALTO PALERMO,2026-04-10,11,14,14,1545420.24,491899.05,1473377.53
51,LOREAL ALTO PALERMO,2026-04-10,12,14,16,1409281.2,464485.67,692416.38
51,LOREAL ALTO PALERMO,2026-04-10,13,2,2,173537.72,60738.2,56399.76
51,LOREAL ALTO PALERMO,2026-04-10,15,12,12,1057941.9,333860.85,645064.87
51,LOREAL ALTO PALERMO,2026-04-10,16,2,2,157142.22,54999.78,51071.22
51,LOREAL ALTO PALERMO,2026-04-10,17,9,9,946708.89,306978.2,338816.44
51,LOREAL ALTO PALERMO,2026-04-10,18,6,6,602834.52,202479.58,340767.44
51,LOREAL ALTO PALERMO,2026-04-10,19,12,12,1237147.18,385899.15,425624.02
51,LOREAL ALTO PALERMO,2026-04-10,20,5,5,384715.64,115414.39,254273.31
51,LOREAL ALTO PALERMO,2026-04-10,21,6,6,577890.15,210280.73,526435.82
52,ISDIN PALERMO,2026-04-10,11,2,2,146890.24,51411.58,47739.33
52,ISDIN PALERMO,2026-04-10,13,2,2,146890.24,66100.61,40394.82
52,ISDIN PALERMO,2026-04-10,15,6,6,406033.42,129833.0,224051.06
52,ISDIN PALERMO,2026-04-10,16,3,3,210171.54,63051.46,93560.46
52,ISDIN PALERMO,2026-04-10,17,4,4,615685.64,184705.7,215489.97
52,ISDIN PALERMO,2026-04-10,20,4,6,366195.72,51411.58,157392.07
53,BELGRANO VII - DANESA,2026-04-10,0,17,17,537322.31,182427.13,277954.17
53,BELGRANO VII - DANESA,2026-04-10,1,19,21,429012.23,132469.04,148527.6
53,BELGRANO VII - DANESA,2026-04-10,2,2,2,17373.6,0.0,8686.8
53,BELGRANO VII - DANESA,2026-04-10,4,4,4,34925.08,0.0,17462.54
53,BELGRANO VII - DANESA,2026-04-10,6,2,2,7911.86,0.0,3955.93
53,BELGRANO VII - DANESA,2026-04-10,8,35,44,2256754.02,1642427.78,442012.7
53,BELGRANO VII - DANESA,2026-04-10,9,62,67,3401592.26,2158054.44,1267231.7
53,BELGRANO VII - DANESA,2026-04-10,10,89,104,2117486.75,1118828.49,791085.0
53,BELGRANO VII - DANESA,2026-04-10,11,169,352,9456502.71,5886245.21,2824638.94
53,BELGRANO VII - DANESA,2026-04-10,12,203,421,14151452.89,9723571.43,5183079.33
53,BELGRANO VII - DANESA,2026-04-10,13,170,172,4822008.49,2026397.53,1608980.28
53,BELGRANO VII - DANESA,2026-04-10,14,191,315,9056805.47,6710605.87,1599690.55
53,BELGRANO VII - DANESA,2026-04-10,15,201,232,7998420.13,4538671.42,2460823.41
53,BELGRANO VII - DANESA,2026-04-10,16,159,984,8025759.46,4032645.04,4446896.05
53,BELGRANO VII - DANESA,2026-04-10,17,215,257,12212296.47,4845124.85,7979388.55
53,BELGRANO VII - DANESA,2026-04-10,18,150,170,6812705.58,3760057.73,2973245.97
53,BELGRANO VII - DANESA,2026-04-10,19,151,163,5368148.04,3409453.02,1587076.77
53,BELGRANO VII - DANESA,2026-04-10,20,144,191,6876094.66,3410948.73,2591503.51
53,BELGRANO VII - DANESA,2026-04-10,21,68,81,2566786.22,1910022.38,796412.04
53,BELGRANO VII - DANESA,2026-04-10,22,19,27,689933.5,313040.53,264062.87
53,BELGRANO VII - DANESA,2026-04-10,23,14,22,296209.44,73580.0,128106.42
54,PALERMO II,2026-04-10,8,18,22,55178.13,0.0,68685.23
54,PALERMO II,2026-04-10,9,36,43,539355.27,78045.16,533896.17
54,PALERMO II,2026-04-10,10,118,181,1547654.32,338053.46,1465956.04
54,PALERMO II,2026-04-10,11,104,118,1996185.49,772160.4,1019258.99
54,PALERMO II,2026-04-10,12,98,133,1823420.26,908945.27,841258.28
54,PALERMO II,2026-04-10,13,126,140,2600532.97,576461.96,2168719.25
54,PALERMO II,2026-04-10,14,98,114,1345023.99,294415.91,950808.69
54,PALERMO II,2026-04-10,15,133,170,4315103.73,1443215.87,1838599.36
54,PALERMO II,2026-04-10,16,96,118,1597471.55,263424.88,1089520.03
54,PALERMO II,2026-04-10,17,167,223,2778888.95,692906.3,1770278.92
54,PALERMO II,2026-04-10,18,196,251,4313224.71,850357.04,3015454.7
54,PALERMO II,2026-04-10,19,113,147,2459106.26,1258740.88,1022746.52
54,PALERMO II,2026-04-10,20,76,96,1349854.24,373714.26,805104.19
55,BELGRANO VIII,2026-04-10,9,63,75,2462220.8,885371.74,1059371.91
55,BELGRANO VIII,2026-04-10,10,89,110,1732131.36,741086.15,917545.07
55,BELGRANO VIII,2026-04-10,11,130,149,4583933.13,2409352.5,2595954.65
55,BELGRANO VIII,2026-04-10,12,94,118,1556956.9,460533.28,1082473.7
55,BELGRANO VIII,2026-04-10,13,112,151,2864759.04,796886.59,1840741.0
55,BELGRANO VIII,2026-04-10,14,74,89,1360583.45,295632.89,819281.78
55,BELGRANO VIII,2026-04-10,15,60,81,1620624.13,710570.02,791084.18
55,BELGRANO VIII,2026-04-10,16,82,127,3123042.39,1903539.36,954102.98
55,BELGRANO VIII,2026-04-10,17,87,124,2616181.73,1059242.27,1212837.32
55,BELGRANO VIII,2026-04-10,18,84,103,2011561.42,644745.44,785323.13
55,BELGRANO VIII,2026-04-10,19,83,85,1808583.73,734901.02,821479.99
55,BELGRANO VIII,2026-04-10,20,57,73,1061616.91,304112.59,392283.74
56,CABALLITO IV,2026-04-10,7,30,33,1479817.54,1227064.69,187024.59
56,CABALLITO IV,2026-04-10,8,48,64,842506.2,284807.22,325548.37
56,CABALLITO IV,2026-04-10,9,65,81,1681210.99,606998.53,873458.43
56,CABALLITO IV,2026-04-10,10,91,116,4319983.19,1692425.2,1931440.39
56,CABALLITO IV,2026-04-10,11,130,156,3279530.77,981321.27,1869546.66
56,CABALLITO IV,2026-04-10,12,107,124,3328521.76,630077.97,1917033.94
56,CABALLITO IV,2026-04-10,13,131,135,3013029.28,762439.04,1759385.13
56,CABALLITO IV,2026-04-10,14,95,109,1469359.13,257967.72,932002.49
56,CABALLITO IV,2026-04-10,15,164,167,3225148.84,868486.35,2660561.08
56,CABALLITO IV,2026-04-10,16,191,213,4862030.31,1503463.94,2795778.52
56,CABALLITO IV,2026-04-10,17,180,216,6720000.61,2438202.86,3650825.21
56,CABALLITO IV,2026-04-10,18,211,287,3897537.49,971703.45,1958269.35
56,CABALLITO IV,2026-04-10,19,181,293,3192403.42,512277.12,2583293.62
56,CABALLITO IV,2026-04-10,20,126,132,1979339.33,404839.25,1364757.81
56,CABALLITO IV,2026-04-10,21,107,132,2703858.94,232432.52,2363573.86
58,VILLA LURO,2026-04-10,8,33,39,523335.81,208505.6,254138.61
58,VILLA LURO,2026-04-10,9,90,123,2400093.12,991482.98,1334302.03
58,VILLA LURO,2026-04-10,10,65,81,2126514.3,707476.47,978334.27
58,VILLA LURO,2026-04-10,11,73,77,2132981.44,1124979.85,832153.16
58,VILLA LURO,2026-04-10,12,121,144,2692972.36,1472335.04,1134248.0
58,VILLA LURO,2026-04-10,13,81,91,1458229.52,367592.18,1050492.21
58,VILLA LURO,2026-04-10,14,84,98,1185673.42,233396.21,827328.51
58,VILLA LURO,2026-04-10,15,103,132,2497483.91,1829784.79,425271.16
58,VILLA LURO,2026-04-10,16,124,151,3255073.42,1095101.07,1956398.68
58,VILLA LURO,2026-04-10,17,81,93,2099655.68,920280.44,937545.77
58,VILLA LURO,2026-04-10,18,188,236,5733025.05,2438198.11,2619412.75
58,VILLA LURO,2026-04-10,19,129,153,2564814.6,1088490.1,1241522.76
58,VILLA LURO,2026-04-10,20,64,93,913357.55,354742.45,702206.42
59,PALERMO III,2026-04-10,8,2,2,24872.6,0.0,12436.3
59,PALERMO III,2026-04-10,9,25,26,520880.01,102761.98,359508.67
59,PALERMO III,2026-04-10,10,73,76,955693.8,219695.73,787223.9
59,PALERMO III,2026-04-10,11,48,56,1066225.72,369303.76,606759.33
59,PALERMO III,2026-04-10,12,61,63,931832.74,230574.26,686894.96
59,PALERMO III,2026-04-10,13,34,37,1249431.3,540790.23,467240.36
59,PALERMO III,2026-04-10,14,78,77,1757096.51,611532.34,1417819.89
59,PALERMO III,2026-04-10,15,65,62,1572147.76,783812.92,560392.41
59,PALERMO III,2026-04-10,16,92,114,1924300.62,964052.53,1253000.37
59,PALERMO III,2026-04-10,17,78,101,2484664.62,771050.37,1162945.27
59,PALERMO III,2026-04-10,18,105,118,2243691.93,391384.96,1511481.85
59,PALERMO III,2026-04-10,19,72,79,1299374.49,341178.63,994701.3
59,PALERMO III,2026-04-10,20,14,19,69314.42,5744.0,62362.23
60,CHACARITA,2026-04-10,8,14,14,63445.05,-22209.59,26170.11
60,CHACARITA,2026-04-10,9,32,38,1218922.85,595745.87,692069.89
60,CHACARITA,2026-04-10,10,49,55,991423.01,235966.8,1801683.73
60,CHACARITA,2026-04-10,11,66,86,978515.79,285806.26,753581.85
60,CHACARITA,2026-04-10,12,62,85,890790.15,119606.27,948161.56
60,CHACARITA,2026-04-10,13,42,38,841093.24,135753.94,383819.57
60,CHACARITA,2026-04-10,14,48,53,775023.59,243960.39,535072.78
60,CHACARITA,2026-04-10,15,36,32,566695.14,144389.24,187507.52
60,CHACARITA,2026-04-10,16,27,38,257505.15,31515.93,229997.89
60,CHACARITA,2026-04-10,17,50,53,1098538.19,205700.41,651192.97
60,CHACARITA,2026-04-10,18,68,99,1193984.69,310030.34,1129777.33
60,CHACARITA,2026-04-10,19,43,67,849515.86,302984.72,402095.22
60,CHACARITA,2026-04-10,20,35,37,349758.51,53124.76,116450.31
61,GONZALEZ CATAN,2026-04-10,8,104,128,1877190.83,677968.82,1514172.26
61,GONZALEZ CATAN,2026-04-10,9,117,146,2642260.33,1787297.69,968958.32
61,GONZALEZ CATAN,2026-04-10,10,157,177,4959253.05,2494783.66,2705088.87
61,GONZALEZ CATAN,2026-04-10,11,155,173,4866798.98,3414042.42,1737567.28
61,GONZALEZ CATAN,2026-04-10,12,210,231,4118625.26,2433321.88,1862155.91
61,GONZALEZ CATAN,2026-04-10,13,122,149,2704180.74,1311494.46,1507709.9
61,GONZALEZ CATAN,2026-04-10,14,206,256,5087327.98,3554608.24,1815224.92
61,GONZALEZ CATAN,2026-04-10,15,92,109,2912204.19,1592337.1,1397818.45
61,GONZALEZ CATAN,2026-04-10,16,95,96,1680966.56,953493.21,751908.27
61,GONZALEZ CATAN,2026-04-10,17,119,140,2724919.61,1372536.85,1512185.35
61,GONZALEZ CATAN,2026-04-10,18,136,139,3760129.3,2238512.16,1707510.22
61,GONZALEZ CATAN,2026-04-10,19,71,70,908807.95,295837.49,647015.19
61,GONZALEZ CATAN,2026-04-10,20,51,69,785233.73,238558.88,538975.07
61,GONZALEZ CATAN,2026-04-10,21,13,17,193142.28,60660.08,91104.39
61,GONZALEZ CATAN,2026-04-10,22,12,15,72246.43,0.0,99655.68
61,GONZALEZ CATAN,2026-04-10,23,8,10,63563.26,0.0,48415.63
62,MORON,2026-04-10,8,111,124,2973273.66,1113463.66,1890687.61
62,MORON,2026-04-10,9,126,151,3887770.13,1797072.87,1956918.07
62,MORON,2026-04-10,10,88,108,2478360.13,1327527.29,1189890.82
62,MORON,2026-04-10,11,121,169,4319021.94,2891715.07,1095878.78
62,MORON,2026-04-10,12,141,155,4612422.32,2900773.69,1436047.37
62,MORON,2026-04-10,13,165,196,4113772.44,2160233.22,2194400.57
62,MORON,2026-04-10,14,151,197,4422237.44,2491597.41,1883889.33
62,MORON,2026-04-10,15,109,141,5493212.04,2167979.39,2718834.63
62,MORON,2026-04-10,16,125,143,4127467.49,2178831.51,1500646.06
62,MORON,2026-04-10,17,99,117,4086813.74,3044519.18,797038.42
62,MORON,2026-04-10,18,170,218,4769089.05,2785505.21,2060483.55
62,MORON,2026-04-10,19,92,116,2036333.26,1283760.16,959536.98
62,MORON,2026-04-10,20,93,123,2154989.11,1057838.78,1079686.35
62,MORON,2026-04-10,21,17,15,269244.53,142229.13,97392.74
63,RAMOS MEJIA II,2026-04-10,8,18,46,307805.24,118267.55,238643.78
63,RAMOS MEJIA II,2026-04-10,9,63,102,886793.6,318993.45,434188.22
63,RAMOS MEJIA II,2026-04-10,10,55,86,1997027.75,1408999.06,551328.25
63,RAMOS MEJIA II,2026-04-10,11,140,314,3675699.34,1529062.8,1756208.43
63,RAMOS MEJIA II,2026-04-10,12,59,93,1404524.71,669110.9,590523.35
63,RAMOS MEJIA II,2026-04-10,13,84,122,1331276.3,589571.55,628535.55
63,RAMOS MEJIA II,2026-04-10,14,90,103,3247931.45,1633670.99,1114493.48
63,RAMOS MEJIA II,2026-04-10,15,89,223,1700625.81,542595.41,905557.61
63,RAMOS MEJIA II,2026-04-10,16,85,102,2027586.91,894870.32,845079.72
63,RAMOS MEJIA II,2026-04-10,17,133,160,3885039.31,1802634.95,1632825.03
63,RAMOS MEJIA II,2026-04-10,18,112,134,2768207.9,1195767.06,1101576.66
63,RAMOS MEJIA II,2026-04-10,19,99,133,3023032.07,1576491.28,1085500.35
63,RAMOS MEJIA II,2026-04-10,20,53,200,1221824.04,407381.48,600759.64
63,RAMOS MEJIA II,2026-04-10,21,15,41,207335.44,65593.3,138943.62
64,RAMOS MEJIA,2026-04-10,8,34,40,1340868.55,988392.73,268916.91
64,RAMOS MEJIA,2026-04-10,9,86,99,2299182.66,898771.56,1217396.56
64,RAMOS MEJIA,2026-04-10,10,153,212,3461732.06,1700032.88,1677660.59
64,RAMOS MEJIA,2026-04-10,11,142,162,3108848.8,1255773.96,1856276.41
64,RAMOS MEJIA,2026-04-10,12,226,285,7534232.85,4465793.48,2778004.34
64,RAMOS MEJIA,2026-04-10,13,134,169,2630741.57,837351.28,1569875.2
64,RAMOS MEJIA,2026-04-10,14,117,127,2397355.16,798317.04,1138268.03
64,RAMOS MEJIA,2026-04-10,15,64,79,1516870.61,593216.36,767180.07
64,RAMOS MEJIA,2026-04-10,16,102,116,2240835.75,653221.74,1130858.1
64,RAMOS MEJIA,2026-04-10,17,132,173,3670542.89,1252212.66,1716412.12
64,RAMOS MEJIA,2026-04-10,18,116,144,4226019.2,2068887.21,1759791.5
64,RAMOS MEJIA,2026-04-10,19,105,112,1981259.03,563442.19,1152724.67
64,RAMOS MEJIA,2026-04-10,20,124,141,2209877.14,855840.7,1291146.1
64,RAMOS MEJIA,2026-04-10,21,45,52,712835.78,254972.54,335471.33
65,BOEDO,2026-04-10,8,12,14,231939.56,54551.05,106074.07
65,BOEDO,2026-04-10,9,26,26,300196.25,47063.0,214321.69
65,BOEDO,2026-04-10,10,19,21,426515.92,92106.35,251683.21
65,BOEDO,2026-04-10,11,56,67,557047.63,19935.0,479638.76
65,BOEDO,2026-04-10,12,63,75,928278.95,191368.37,513010.71
65,BOEDO,2026-04-10,13,65,86,899951.16,210998.44,928857.1
65,BOEDO,2026-04-10,14,28,40,481826.61,192528.2,214610.01
65,BOEDO,2026-04-10,15,32,51,407521.95,19695.93,471569.23
65,BOEDO,2026-04-10,16,67,77,461863.35,39454.88,483902.31
65,BOEDO,2026-04-10,17,79,113,846567.88,170214.56,840088.38
65,BOEDO,2026-04-10,18,41,48,445713.89,99775.14,285960.88
65,BOEDO,2026-04-10,19,81,99,811138.86,91073.88,706944.58
65,BOEDO,2026-04-10,20,88,112,841228.35,280303.07,595698.7
66,DEVOTO II,2026-04-10,7,1,1,1040.64,0.0,1040.64
66,DEVOTO II,2026-04-10,8,52,62,836528.52,128096.58,940107.87
66,DEVOTO II,2026-04-10,9,150,178,4578684.57,1958742.19,3284354.64
66,DEVOTO II,2026-04-10,10,129,154,2828418.69,1008690.95,2073572.29
66,DEVOTO II,2026-04-10,11,185,213,5970121.47,2743373.34,3188838.92
66,DEVOTO II,2026-04-10,12,153,187,6771461.04,2488540.99,3225073.17
66,DEVOTO II,2026-04-10,13,233,306,5111793.43,1454348.46,4433932.29
66,DEVOTO II,2026-04-10,14,100,109,2388567.54,692627.95,1579876.17
66,DEVOTO II,2026-04-10,15,119,137,2084639.86,557097.62,1552808.35
66,DEVOTO II,2026-04-10,16,135,159,3026531.09,1172335.37,1552091.13
66,DEVOTO II,2026-04-10,17,181,221,3232815.44,850114.61,2362892.95
66,DEVOTO II,2026-04-10,18,186,247,3731906.46,748440.84,3062015.4
66,DEVOTO II,2026-04-10,19,249,278,6963283.88,2046574.77,4131157.11
66,DEVOTO II,2026-04-10,20,162,206,2696453.88,472631.23,2817654.97
66,DEVOTO II,2026-04-10,21,56,54,897970.43,202658.41,408437.5
66,DEVOTO II,2026-04-10,22,4,13,28758.01,0.0,115032.04
67,GONZALEZ CATAN II,2026-04-10,8,37,44,1185642.31,811682.02,318868.47
67,GONZALEZ CATAN II,2026-04-10,9,71,79,1392682.41,354679.95,1762957.89
67,GONZALEZ CATAN II,2026-04-10,10,101,111,2822182.9,1841571.85,1268983.43
67,GONZALEZ CATAN II,2026-04-10,11,112,125,1698739.13,695118.54,1062612.37
67,GONZALEZ CATAN II,2026-04-10,12,140,174,2272308.26,1237679.24,1519285.7
67,GONZALEZ CATAN II,2026-04-10,13,47,48,670772.31,325277.62,336192.3
67,GONZALEZ CATAN II,2026-04-10,14,58,73,1206774.19,430734.12,737982.67
67,GONZALEZ CATAN II,2026-04-10,15,73,83,1595450.45,979876.22,604427.32
67,GONZALEZ CATAN II,2026-04-10,16,39,49,678864.28,154105.26,674453.87
67,GONZALEZ CATAN II,2026-04-10,17,57,59,607765.36,156739.93,354732.57
67,GONZALEZ CATAN II,2026-04-10,18,100,134,1821502.29,363675.65,1296814.56
67,GONZALEZ CATAN II,2026-04-10,19,107,116,1642356.3,226119.53,1665146.27
67,GONZALEZ CATAN II,2026-04-10,20,34,39,423043.64,47110.49,352290.14
68,GONZALEZ CATAN III,2026-04-10,8,11,11,176690.52,162735.1,5033.89
68,GONZALEZ CATAN III,2026-04-10,9,19,36,148225.77,63991.4,146996.85
68,GONZALEZ CATAN III,2026-04-10,10,23,29,329729.44,100935.75,215938.76
68,GONZALEZ CATAN III,2026-04-10,11,29,47,281346.16,-52928.71,588462.79
68,GONZALEZ CATAN III,2026-04-10,12,42,46,600407.26,442352.28,272286.77
68,GONZALEZ CATAN III,2026-04-10,13,22,24,598182.21,208148.75,326370.67
68,GONZALEZ CATAN III,2026-04-10,14,14,17,115141.64,40258.9,85013.34
68,GONZALEZ CATAN III,2026-04-10,15,18,27,136898.4,38496.4,105644.41
68,GONZALEZ CATAN III,2026-04-10,16,36,36,633451.3,357612.17,367551.0
68,GONZALEZ CATAN III,2026-04-10,17,37,43,685087.62,358292.57,195036.61
68,GONZALEZ CATAN III,2026-04-10,18,67,74,1055623.76,420500.7,992125.96
68,GONZALEZ CATAN III,2026-04-10,19,18,15,148437.37,8352.58,130472.85
69,RAMOS MEJIA III,2026-04-10,9,10,14,91956.66,0.0,229891.65
69,RAMOS MEJIA III,2026-04-10,10,13,15,153014.04,0.0,124629.12
69,RAMOS MEJIA III,2026-04-10,11,11,17,205851.66,58802.16,73617.25
69,RAMOS MEJIA III,2026-04-10,12,10,10,79842.3,4590.8,62745.63
69,RAMOS MEJIA III,2026-04-10,13,13,25,438988.26,362878.68,68127.01
69,RAMOS MEJIA III,2026-04-10,14,6,6,182014.99,15578.86,89133.41
69,RAMOS MEJIA III,2026-04-10,15,1,-2,-48046.94,-48046.94,0.0
69,RAMOS MEJIA III,2026-04-10,16,8,8,174071.45,74909.99,113813.67
69,RAMOS MEJIA III,2026-04-10,17,14,25,155362.47,36125.82,93978.57
69,RAMOS MEJIA III,2026-04-10,18,23,31,357591.65,111400.44,300402.75
69,RAMOS MEJIA III,2026-04-10,19,18,20,727615.07,338206.74,287678.29
69,RAMOS MEJIA III,2026-04-10,20,1,1,14507.05,0.0,14507.05
70,SALADILLO,2026-04-10,0,7,8,46267.68,0.0,107615.9
70,SALADILLO,2026-04-10,1,4,4,34429.22,0.0,42511.84
70,SALADILLO,2026-04-10,4,2,2,18947.42,0.0,9473.71
70,SALADILLO,2026-04-10,7,1,1,10517.0,0.0,10517.0
70,SALADILLO,2026-04-10,8,9,11,286241.68,242050.79,38888.99
70,SALADILLO,2026-04-10,9,43,46,729697.13,301431.27,488343.79
70,SALADILLO,2026-04-10,10,45,58,335274.08,70267.36,321777.17
70,SALADILLO,2026-04-10,11,36,45,407963.9,125063.29,507243.87
70,SALADILLO,2026-04-10,12,23,52,200876.72,2507.25,104172.66
70,SALADILLO,2026-04-10,16,8,9,143107.72,0.0,89889.81
70,SALADILLO,2026-04-10,17,68,73,991013.95,172720.32,896977.49
70,SALADILLO,2026-04-10,18,49,63,768754.59,263486.57,502243.06
70,SALADILLO,2026-04-10,19,64,74,721826.13,129396.53,789743.07
70,SALADILLO,2026-04-10,20,7,12,29530.84,0.0,32960.95
71,PADUA,2026-04-10,8,25,46,334414.16,107345.38,282211.27
71,PADUA,2026-04-10,9,28,35,732907.45,295180.45,463872.08
71,PADUA,2026-04-10,10,35,47,1340398.32,767752.37,701534.58
71,PADUA,2026-04-10,11,58,85,1290893.54,518888.2,563359.65
71,PADUA,2026-04-10,12,60,84,2696104.45,1450919.59,1115056.29
71,PADUA,2026-04-10,13,31,26,410725.81,116012.35,219042.01
71,PADUA,2026-04-10,14,26,28,1132439.88,859774.92,196878.19
71,PADUA,2026-04-10,15,52,83,1773734.69,1252518.26,436785.4
71,PADUA,2026-04-10,16,35,38,700289.49,290538.12,379246.57
71,PADUA,2026-04-10,17,50,58,1014581.13,471644.85,647400.39
71,PADUA,2026-04-10,18,72,81,2289292.57,1499342.12,732846.92
71,PADUA,2026-04-10,19,48,68,1569845.8,511534.18,692116.61
71,PADUA,2026-04-10,20,30,47,192485.44,10780.0,170110.44
71,PADUA,2026-04-10,21,33,35,320356.81,13164.92,302366.7
71,PADUA,2026-04-10,22,8,11,42212.08,0.0,37533.23
71,PADUA,2026-04-10,23,18,22,272706.1,35244.12,191405.17
72,MERCEDES,2026-04-10,8,26,28,871011.42,247094.27,431910.02
72,MERCEDES,2026-04-10,9,36,47,1452724.4,925589.71,484248.51
72,MERCEDES,2026-04-10,10,91,103,1342364.88,438195.29,887918.33
72,MERCEDES,2026-04-10,11,114,133,3323055.97,1310046.54,1451719.67
72,MERCEDES,2026-04-10,12,52,51,983329.17,260737.96,740118.67
72,MERCEDES,2026-04-10,16,55,61,1054448.87,568467.36,590891.48
72,MERCEDES,2026-04-10,17,73,93,1849875.38,745417.11,969509.07
72,MERCEDES,2026-04-10,18,86,92,2556843.83,1065654.97,1028469.16
72,MERCEDES,2026-04-10,19,130,139,2905902.2,880137.86,1639566.54
73,ESCOBAR,2026-04-10,8,31,55,443370.82,63265.18,383312.91
73,ESCOBAR,2026-04-10,9,14,14,160363.5,0.0,284854.86
73,ESCOBAR,2026-04-10,10,89,144,1039752.27,44798.39,1534769.21
73,ESCOBAR,2026-04-10,11,49,53,476867.63,0.0,583747.77
73,ESCOBAR,2026-04-10,12,25,18,1121487.71,85152.48,1737278.1
73,ESCOBAR,2026-04-10,13,21,21,440115.61,109914.29,231159.73
73,ESCOBAR,2026-04-10,14,35,47,878462.42,559231.07,454891.38
73,ESCOBAR,2026-04-10,15,14,16,818999.14,218848.96,450557.7
73,ESCOBAR,2026-04-10,16,55,45,308142.97,17982.38,87623.47
73,ESCOBAR,2026-04-10,17,64,71,1432251.39,446293.19,882941.48
73,ESCOBAR,2026-04-10,18,58,69,1134146.81,280008.38,1246274.3
73,ESCOBAR,2026-04-10,19,58,87,1381501.48,314656.28,692920.21
74,PALERMO IV,2026-04-10,8,30,44,265368.98,42674.34,377571.92
74,PALERMO IV,2026-04-10,9,43,55,637606.32,137165.84,327826.82
74,PALERMO IV,2026-04-10,10,63,74,1236205.45,422841.43,846194.71
74,PALERMO IV,2026-04-10,11,28,35,523410.26,157859.88,327090.92
74,PALERMO IV,2026-04-10,12,88,114,1048564.74,297122.92,797086.59
74,PALERMO IV,2026-04-10,13,43,34,677302.29,138409.19,774573.32
74,PALERMO IV,2026-04-10,14,62,88,731184.92,202105.74,555829.07
74,PALERMO IV,2026-04-10,15,35,51,382415.33,50099.78,398834.09
74,PALERMO IV,2026-04-10,16,57,72,735156.0,168646.73,527917.76
74,PALERMO IV,2026-04-10,17,41,61,540523.89,23746.59,532108.42
74,PALERMO IV,2026-04-10,18,48,80,596608.71,71225.88,462606.09
74,PALERMO IV,2026-04-10,19,76,101,799221.72,97124.64,572549.0
74,PALERMO IV,2026-04-10,20,46,49,432479.7,0.0,343554.04
75,DEVOTO III,2026-04-10,9,26,26,343423.25,141407.74,173925.83
75,DEVOTO III,2026-04-10,10,18,31,466211.77,32476.36,318685.89
75,DEVOTO III,2026-04-10,11,36,20,621074.64,285143.24,172459.46
75,DEVOTO III,2026-04-10,12,63,74,1516397.55,515269.2,897169.62
75,DEVOTO III,2026-04-10,13,9,9,224849.71,93238.29,131611.42
75,DEVOTO III,2026-04-10,14,15,15,316473.99,159958.48,132847.11
75,DEVOTO III,2026-04-10,15,35,39,946347.79,368184.27,412199.16
75,DEVOTO III,2026-04-10,16,17,19,1266687.71,573656.96,774174.2
75,DEVOTO III,2026-04-10,17,19,26,244126.77,71842.84,146553.13
75,DEVOTO III,2026-04-10,18,40,54,689222.65,313482.95,315056.89
75,DEVOTO III,2026-04-10,19,20,28,620993.35,263937.27,286315.96
75,DEVOTO III,2026-04-10,20,11,11,61979.04,0.0,34894.2
77,RUTA 20,2026-04-10,8,18,38,83507.86,0.0,203796.69
77,RUTA 20,2026-04-10,9,19,21,112246.67,33013.44,76006.73
77,RUTA 20,2026-04-10,10,37,42,569291.8,62974.89,586208.67
77,RUTA 20,2026-04-10,11,71,48,689342.41,80274.34,1480380.15
77,RUTA 20,2026-04-10,12,67,91,1152333.34,264966.96,1582817.89
77,RUTA 20,2026-04-10,13,47,50,581997.62,96745.78,690529.18
77,RUTA 20,2026-04-10,14,34,38,578584.48,179457.24,425249.71
77,RUTA 20,2026-04-10,15,30,26,685058.7,186874.48,433407.74
77,RUTA 20,2026-04-10,16,27,27,420754.84,0.0,600958.47
77,RUTA 20,2026-04-10,17,43,50,600915.77,121130.43,530662.61
77,RUTA 20,2026-04-10,18,50,52,507788.33,124547.84,578581.01
77,RUTA 20,2026-04-10,19,105,109,1216472.3,219271.98,1377858.69
77,RUTA 20,2026-04-10,20,34,46,336524.33,2980.2,448625.11
77,RUTA 20,2026-04-10,21,17,19,248453.1,0.0,281960.79
77,RUTA 20,2026-04-10,22,8,4,27090.9,0.0,27090.9
